id,unit_id,order_index,title,objetivo,default_lessons
1,1,1,Gêneros textuais (noções),"Compreender, analisar e aplicar os conceitos relacionados a gêneros textuais (noções), desenvolvendo interpretação, pensamento crítico e capacidade de aplicação em diferentes contextos de aprendizagem.",1
2,1,2,Estratégias de leitura,"Compreender, analisar e aplicar os conceitos relacionados a estratégias de leitura, desenvolvendo interpretação, pensamento crítico e capacidade de aplicação em diferentes contextos de aprendizagem.",1
3,1,3,Coesão e coerência,"Compreender, analisar e aplicar os conceitos relacionados a coesão e coerência, desenvolvendo interpretação, pensamento crítico e capacidade de aplicação em diferentes contextos de aprendizagem.",1
4,1,4,Intertextualidade (noções),"Compreender, analisar e aplicar os conceitos relacionados a intertextualidade (noções), desenvolvendo interpretação, pensamento crítico e capacidade de aplicação em diferentes contextos de aprendizagem.",1
5,1,5,Inferência e intenção comunicativa,"Compreender, analisar e aplicar os conceitos relacionados a inferência e intenção comunicativa, desenvolvendo interpretação, pensamento crítico e capacidade de aplicação em diferentes contextos de aprendizagem.",1
6,2,1,Classes de palavras (revisão),"Compreender, analisar e aplicar os conceitos relacionados a classes de palavras (revisão), desenvolvendo interpretação, pensamento crítico e capacidade de aplicação em diferentes contextos de aprendizagem.",1
7,2,2,Sintaxe: termos essenciais,"Compreender, analisar e aplicar os conceitos relacionados a sintaxe: termos essenciais, desenvolvendo interpretação, pensamento crítico e capacidade de aplicação em diferentes contextos de aprendizagem.",1
8,2,3,Concordância (noções),"Compreender, analisar e aplicar os conceitos relacionados a concordância (noções), desenvolvendo interpretação, pensamento crítico e capacidade de aplicação em diferentes contextos de aprendizagem.",1
9,2,4,Regência e crase (noções),"Compreender, analisar e aplicar os conceitos relacionados a regência e crase (noções), desenvolvendo interpretação, pensamento crítico e capacidade de aplicação em diferentes contextos de aprendizagem.",1
10,2,5,Pontuação,"Compreender, analisar e aplicar os conceitos relacionados a pontuação, desenvolvendo interpretação, pensamento crítico e capacidade de aplicação em diferentes contextos de aprendizagem.",1
11,3,1,Resumo e resenha,"Compreender, analisar e aplicar os conceitos relacionados a resumo e resenha, desenvolvendo interpretação, pensamento crítico e capacidade de aplicação em diferentes contextos de aprendizagem.",1
12,3,2,Artigo de opinião,"Compreender, analisar e aplicar os conceitos relacionados a artigo de opinião, desenvolvendo interpretação, pensamento crítico e capacidade de aplicação em diferentes contextos de aprendizagem.",1
13,3,3,Relato e crônica,"Compreender, analisar e aplicar os conceitos relacionados a relato e crônica, desenvolvendo interpretação, pensamento crítico e capacidade de aplicação em diferentes contextos de aprendizagem.",1
14,3,4,Projeto de texto e reescrita,"Compreender, analisar e aplicar os conceitos relacionados a projeto de texto e reescrita, desenvolvendo interpretação, pensamento crítico e capacidade de aplicação em diferentes contextos de aprendizagem.",1
15,3,5,Norma padrão (revisão),"Compreender, analisar e aplicar os conceitos relacionados a norma padrão (revisão), desenvolvendo interpretação, pensamento crítico e capacidade de aplicação em diferentes contextos de aprendizagem.",1
16,4,1,Variação linguística,"Compreender, analisar e aplicar os conceitos relacionados a variação linguística, desenvolvendo interpretação, pensamento crítico e capacidade de aplicação em diferentes contextos de aprendizagem.",1
17,4,2,Preconceito linguístico,"Compreender, analisar e aplicar os conceitos relacionados a preconceito linguístico, desenvolvendo interpretação, pensamento crítico e capacidade de aplicação em diferentes contextos de aprendizagem.",1
18,4,3,Semântica (noções),"Compreender, analisar e aplicar os conceitos relacionados a semântica (noções), desenvolvendo interpretação, pensamento crítico e capacidade de aplicação em diferentes contextos de aprendizagem.",1
19,4,4,Figuras de linguagem (noções),"Compreender, analisar e aplicar os conceitos relacionados a figuras de linguagem (noções), desenvolvendo interpretação, pensamento crítico e capacidade de aplicação em diferentes contextos de aprendizagem.",1
20,5,1,Leitura de textos multimodais,"Compreender, analisar e aplicar os conceitos relacionados a leitura de textos multimodais, desenvolvendo interpretação, pensamento crítico e capacidade de aplicação em diferentes contextos de aprendizagem.",1
21,5,2,Interpretação de gráficos e charges,"Compreender, analisar e aplicar os conceitos relacionados a interpretação de gráficos e charges, desenvolvendo interpretação, pensamento crítico e capacidade de aplicação em diferentes contextos de aprendizagem.",1
22,5,3,Questões de gramática contextualizada,"Compreender, analisar e aplicar os conceitos relacionados a questões de gramática contextualizada, desenvolvendo interpretação, pensamento crítico e capacidade de aplicação em diferentes contextos de aprendizagem.",1
23,5,4,Simulados e análise de erros,"Compreender, analisar e aplicar os conceitos relacionados a simulados e análise de erros, desenvolvendo interpretação, pensamento crítico e capacidade de aplicação em diferentes contextos de aprendizagem.",1
24,6,1,O que é literatura?,"Compreender, analisar e aplicar os conceitos relacionados a o que é literatura?, desenvolvendo interpretação, pensamento crítico e capacidade de aplicação em diferentes contextos de aprendizagem.",1
25,6,2,Trovadorismo (noções),"Compreender, analisar e aplicar os conceitos relacionados a trovadorismo (noções), desenvolvendo interpretação, pensamento crítico e capacidade de aplicação em diferentes contextos de aprendizagem.",1
26,6,3,Humanismo (noções),"Compreender, analisar e aplicar os conceitos relacionados a humanismo (noções), desenvolvendo interpretação, pensamento crítico e capacidade de aplicação em diferentes contextos de aprendizagem.",1
27,6,4,Classicismo (noções),"Compreender, analisar e aplicar os conceitos relacionados a classicismo (noções), desenvolvendo interpretação, pensamento crítico e capacidade de aplicação em diferentes contextos de aprendizagem.",1
28,6,5,Barroco (noções),"Compreender, analisar e aplicar os conceitos relacionados a barroco (noções), desenvolvendo interpretação, pensamento crítico e capacidade de aplicação em diferentes contextos de aprendizagem.",1
29,7,1,Arcadismo,"Compreender, analisar e aplicar os conceitos relacionados a arcadismo, desenvolvendo interpretação, pensamento crítico e capacidade de aplicação em diferentes contextos de aprendizagem.",1
30,7,2,Romantismo,"Compreender, analisar e aplicar os conceitos relacionados a romantismo, desenvolvendo interpretação, pensamento crítico e capacidade de aplicação em diferentes contextos de aprendizagem.",1
31,7,3,Realismo/Naturalismo,"Compreender, analisar e aplicar os conceitos relacionados a realismo/naturalismo, desenvolvendo interpretação, pensamento crítico e capacidade de aplicação em diferentes contextos de aprendizagem.",1
32,7,4,Parnasianismo/Simbolismo,"Compreender, analisar e aplicar os conceitos relacionados a parnasianismo/simbolismo, desenvolvendo interpretação, pensamento crítico e capacidade de aplicação em diferentes contextos de aprendizagem.",1
33,8,1,Pré-Modernismo,"Compreender, analisar e aplicar os conceitos relacionados a pré-modernismo, desenvolvendo interpretação, pensamento crítico e capacidade de aplicação em diferentes contextos de aprendizagem.",1
34,8,2,"Modernismo (1ª,2ª,3ª fases)","Compreender, analisar e aplicar os conceitos relacionados a modernismo (1ª,2ª,3ª fases), desenvolvendo interpretação, pensamento crítico e capacidade de aplicação em diferentes contextos de aprendizagem.",1
35,8,3,Literatura contemporânea (noções),"Compreender, analisar e aplicar os conceitos relacionados a literatura contemporânea (noções), desenvolvendo interpretação, pensamento crítico e capacidade de aplicação em diferentes contextos de aprendizagem.",1
36,8,4,Literatura e sociedade (leituras),"Compreender, analisar e aplicar os conceitos relacionados a literatura e sociedade (leituras), desenvolvendo interpretação, pensamento crítico e capacidade de aplicação em diferentes contextos de aprendizagem.",1
37,9,1,Competências da redação (ENEM),"Compreender, analisar e aplicar os conceitos relacionados a competências da redação (enem), desenvolvendo interpretação, pensamento crítico e capacidade de aplicação em diferentes contextos de aprendizagem.",1
38,9,2,Estrutura dissertativo-argumentativa,"Compreender, analisar e aplicar os conceitos relacionados a estrutura dissertativo-argumentativa, desenvolvendo interpretação, pensamento crítico e capacidade de aplicação em diferentes contextos de aprendizagem.",1
39,9,3,"Tese, argumentos e conclusão","Compreender, analisar e aplicar os conceitos relacionados a tese, argumentos e conclusão, desenvolvendo interpretação, pensamento crítico e capacidade de aplicação em diferentes contextos de aprendizagem.",1
40,9,4,Coesão e repertório,"Compreender, analisar e aplicar os conceitos relacionados a coesão e repertório, desenvolvendo interpretação, pensamento crítico e capacidade de aplicação em diferentes contextos de aprendizagem.",1
41,10,1,Repertório sociocultural,"Compreender, analisar e aplicar os conceitos relacionados a repertório sociocultural, desenvolvendo interpretação, pensamento crítico e capacidade de aplicação em diferentes contextos de aprendizagem.",1
42,10,2,Estratégias argumentativas,"Compreender, analisar e aplicar os conceitos relacionados a estratégias argumentativas, desenvolvendo interpretação, pensamento crítico e capacidade de aplicação em diferentes contextos de aprendizagem.",1
43,10,3,Proposta de intervenção,"Compreender, analisar e aplicar os conceitos relacionados a proposta de intervenção, desenvolvendo interpretação, pensamento crítico e capacidade de aplicação em diferentes contextos de aprendizagem.",1
44,10,4,Revisão e reescrita,"Compreender, analisar e aplicar os conceitos relacionados a revisão e reescrita, desenvolvendo interpretação, pensamento crítico e capacidade de aplicação em diferentes contextos de aprendizagem.",1
45,11,1,Temas semanais,"Compreender, analisar e aplicar os conceitos relacionados a temas semanais, desenvolvendo interpretação, pensamento crítico e capacidade de aplicação em diferentes contextos de aprendizagem.",1
46,11,2,Correção por critérios,"Compreender, analisar e aplicar os conceitos relacionados a correção por critérios, desenvolvendo interpretação, pensamento crítico e capacidade de aplicação em diferentes contextos de aprendizagem.",1
47,11,3,Banco de conectivos,"Compreender, analisar e aplicar os conceitos relacionados a banco de conectivos, desenvolvendo interpretação, pensamento crítico e capacidade de aplicação em diferentes contextos de aprendizagem.",1
48,11,4,Simulados e gestão de tempo,"Compreender, analisar e aplicar os conceitos relacionados a simulados e gestão de tempo, desenvolvendo interpretação, pensamento crítico e capacidade de aplicação em diferentes contextos de aprendizagem.",1
49,12,1,Skimming e scanning,"Compreender, analisar e aplicar os conceitos relacionados a skimming e scanning, desenvolvendo interpretação, pensamento crítico e capacidade de aplicação em diferentes contextos de aprendizagem.",1
50,12,2,Cognatos e falsos cognatos,"Compreender, analisar e aplicar os conceitos relacionados a cognatos e falsos cognatos, desenvolvendo interpretação, pensamento crítico e capacidade de aplicação em diferentes contextos de aprendizagem.",1
51,12,3,Context clues,"Compreender, analisar e aplicar os conceitos relacionados a context clues, desenvolvendo interpretação, pensamento crítico e capacidade de aplicação em diferentes contextos de aprendizagem.",1
52,12,4,"Gêneros (anúncio, notícia, e-mail)","Compreender, analisar e aplicar os conceitos relacionados a gêneros (anúncio, notícia, e-mail), desenvolvendo interpretação, pensamento crítico e capacidade de aplicação em diferentes contextos de aprendizagem.",1
53,13,1,Simple past/present review (uso em leitura),"Compreender, analisar e aplicar os conceitos relacionados a simple past/present review (uso em leitura), desenvolvendo interpretação, pensamento crítico e capacidade de aplicação em diferentes contextos de aprendizagem.",1
54,13,2,Modal verbs (noções),"Compreender, analisar e aplicar os conceitos relacionados a modal verbs (noções), desenvolvendo interpretação, pensamento crítico e capacidade de aplicação em diferentes contextos de aprendizagem.",1
55,13,3,Pronomes e conectores,"Compreender, analisar e aplicar os conceitos relacionados a pronomes e conectores, desenvolvendo interpretação, pensamento crítico e capacidade de aplicação em diferentes contextos de aprendizagem.",1
56,13,4,Temas culturais e mídia,"Compreender, analisar e aplicar os conceitos relacionados a temas culturais e mídia, desenvolvendo interpretação, pensamento crítico e capacidade de aplicação em diferentes contextos de aprendizagem.",1
57,14,1,Interpretação de textos,"Compreender, analisar e aplicar os conceitos relacionados a interpretação de textos, desenvolvendo interpretação, pensamento crítico e capacidade de aplicação em diferentes contextos de aprendizagem.",1
58,14,2,Vocabulário por temas,"Compreender, analisar e aplicar os conceitos relacionados a vocabulário por temas, desenvolvendo interpretação, pensamento crítico e capacidade de aplicação em diferentes contextos de aprendizagem.",1
59,14,3,Estratégias de prova,"Compreender, analisar e aplicar os conceitos relacionados a estratégias de prova, desenvolvendo interpretação, pensamento crítico e capacidade de aplicação em diferentes contextos de aprendizagem.",1
60,14,4,Projetos (podcast/apresentação),"Compreender, analisar e aplicar os conceitos relacionados a projetos (podcast/apresentação), desenvolvendo interpretação, pensamento crítico e capacidade de aplicação em diferentes contextos de aprendizagem.",1
61,15,1,"Elementos visuais (linha, cor, forma)","Compreender, analisar e aplicar os conceitos relacionados a elementos visuais (linha, cor, forma), desenvolvendo interpretação, pensamento crítico e capacidade de aplicação em diferentes contextos de aprendizagem.",1
62,15,2,História da arte (panorama),"Compreender, analisar e aplicar os conceitos relacionados a história da arte (panorama), desenvolvendo interpretação, pensamento crítico e capacidade de aplicação em diferentes contextos de aprendizagem.",1
63,15,3,Leitura de imagem,"Compreender, analisar e aplicar os conceitos relacionados a leitura de imagem, desenvolvendo interpretação, pensamento crítico e capacidade de aplicação em diferentes contextos de aprendizagem.",1
64,15,4,Produção artística,"Compreender, analisar e aplicar os conceitos relacionados a produção artística, desenvolvendo interpretação, pensamento crítico e capacidade de aplicação em diferentes contextos de aprendizagem.",1
65,16,1,Elementos musicais (noções),"Compreender, analisar e aplicar os conceitos relacionados a elementos musicais (noções), desenvolvendo interpretação, pensamento crítico e capacidade de aplicação em diferentes contextos de aprendizagem.",1
66,16,2,Ritmo e composição (prática),"Compreender, analisar e aplicar os conceitos relacionados a ritmo e composição (prática), desenvolvendo interpretação, pensamento crítico e capacidade de aplicação em diferentes contextos de aprendizagem.",1
67,16,3,Teatro: corpo e cena,"Compreender, analisar e aplicar os conceitos relacionados a teatro: corpo e cena, desenvolvendo interpretação, pensamento crítico e capacidade de aplicação em diferentes contextos de aprendizagem.",1
68,16,4,Produções coletivas,"Compreender, analisar e aplicar os conceitos relacionados a produções coletivas, desenvolvendo interpretação, pensamento crítico e capacidade de aplicação em diferentes contextos de aprendizagem.",1
69,17,1,Cinema: linguagem audiovisual,"Compreender, analisar e aplicar os conceitos relacionados a cinema: linguagem audiovisual, desenvolvendo interpretação, pensamento crítico e capacidade de aplicação em diferentes contextos de aprendizagem.",1
70,17,2,Fotografia e composição,"Compreender, analisar e aplicar os conceitos relacionados a fotografia e composição, desenvolvendo interpretação, pensamento crítico e capacidade de aplicação em diferentes contextos de aprendizagem.",1
71,17,3,Arte e identidade,"Compreender, analisar e aplicar os conceitos relacionados a arte e identidade, desenvolvendo interpretação, pensamento crítico e capacidade de aplicação em diferentes contextos de aprendizagem.",1
72,17,4,Projeto final (mostra cultural),"Compreender, analisar e aplicar os conceitos relacionados a projeto final (mostra cultural), desenvolvendo interpretação, pensamento crítico e capacidade de aplicação em diferentes contextos de aprendizagem.",1
73,18,1,Capacidades físicas,"Compreender, analisar e aplicar os conceitos relacionados a capacidades físicas, desenvolvendo interpretação, pensamento crítico e capacidade de aplicação em diferentes contextos de aprendizagem.",1
74,18,2,Treinamento básico (noções),"Compreender, analisar e aplicar os conceitos relacionados a treinamento básico (noções), desenvolvendo interpretação, pensamento crítico e capacidade de aplicação em diferentes contextos de aprendizagem.",1
75,18,3,Esportes coletivos (fundamentos),"Compreender, analisar e aplicar os conceitos relacionados a esportes coletivos (fundamentos), desenvolvendo interpretação, pensamento crítico e capacidade de aplicação em diferentes contextos de aprendizagem.",1
76,18,4,Hábitos saudáveis,"Compreender, analisar e aplicar os conceitos relacionados a hábitos saudáveis, desenvolvendo interpretação, pensamento crítico e capacidade de aplicação em diferentes contextos de aprendizagem.",1
77,19,1,Danças e manifestações culturais,"Compreender, analisar e aplicar os conceitos relacionados a danças e manifestações culturais, desenvolvendo interpretação, pensamento crítico e capacidade de aplicação em diferentes contextos de aprendizagem.",1
78,19,2,Jogos e brincadeiras,"Compreender, analisar e aplicar os conceitos relacionados a jogos e brincadeiras, desenvolvendo interpretação, pensamento crítico e capacidade de aplicação em diferentes contextos de aprendizagem.",1
79,19,3,Lazer e qualidade de vida,"Compreender, analisar e aplicar os conceitos relacionados a lazer e qualidade de vida, desenvolvendo interpretação, pensamento crítico e capacidade de aplicação em diferentes contextos de aprendizagem.",1
80,19,4,Esportes alternativos,"Compreender, analisar e aplicar os conceitos relacionados a esportes alternativos, desenvolvendo interpretação, pensamento crítico e capacidade de aplicação em diferentes contextos de aprendizagem.",1
81,20,1,Projeto esportivo,"Compreender, analisar e aplicar os conceitos relacionados a projeto esportivo, desenvolvendo interpretação, pensamento crítico e capacidade de aplicação em diferentes contextos de aprendizagem.",1
82,20,2,Avaliação física (noções),"Compreender, analisar e aplicar os conceitos relacionados a avaliação física (noções), desenvolvendo interpretação, pensamento crítico e capacidade de aplicação em diferentes contextos de aprendizagem.",1
83,20,3,Planejamento de treino (noções),"Compreender, analisar e aplicar os conceitos relacionados a planejamento de treino (noções), desenvolvendo interpretação, pensamento crítico e capacidade de aplicação em diferentes contextos de aprendizagem.",1
84,20,4,Organização de eventos esportivos,"Compreender, analisar e aplicar os conceitos relacionados a organização de eventos esportivos, desenvolvendo interpretação, pensamento crítico e capacidade de aplicação em diferentes contextos de aprendizagem.",1
85,21,1,Conjuntos numéricos e operações,"Compreender, analisar e aplicar os conceitos relacionados a conjuntos numéricos e operações, desenvolvendo interpretação, pensamento crítico e capacidade de aplicação em diferentes contextos de aprendizagem.",1
86,21,2,Potenciação e radiciação,"Compreender, analisar e aplicar os conceitos relacionados a potenciação e radiciação, desenvolvendo interpretação, pensamento crítico e capacidade de aplicação em diferentes contextos de aprendizagem.",1
87,21,3,Produtos notáveis e fatoração,"Compreender, analisar e aplicar os conceitos relacionados a produtos notáveis e fatoração, desenvolvendo interpretação, pensamento crítico e capacidade de aplicação em diferentes contextos de aprendizagem.",1
88,21,4,Equações e inequações do 1º grau,"Compreender, analisar e aplicar os conceitos relacionados a equações e inequações do 1º grau, desenvolvendo interpretação, pensamento crítico e capacidade de aplicação em diferentes contextos de aprendizagem.",1
89,21,5,Função afim: conceito e gráficos,"Compreender, analisar e aplicar os conceitos relacionados a função afim: conceito e gráficos, desenvolvendo interpretação, pensamento crítico e capacidade de aplicação em diferentes contextos de aprendizagem.",1
90,21,6,Função quadrática: conceito e gráficos,"Compreender, analisar e aplicar os conceitos relacionados a função quadrática: conceito e gráficos, desenvolvendo interpretação, pensamento crítico e capacidade de aplicação em diferentes contextos de aprendizagem.",1
91,21,7,Sistemas lineares (2x2) e problemas,"Compreender, analisar e aplicar os conceitos relacionados a sistemas lineares (2x2) e problemas, desenvolvendo interpretação, pensamento crítico e capacidade de aplicação em diferentes contextos de aprendizagem.",1
92,21,8,Progressões aritméticas (PA),"Compreender, analisar e aplicar os conceitos relacionados a progressões aritméticas (pa), desenvolvendo interpretação, pensamento crítico e capacidade de aplicação em diferentes contextos de aprendizagem.",1
93,21,9,Progressões geométricas (PG),"Compreender, analisar e aplicar os conceitos relacionados a progressões geométricas (pg), desenvolvendo interpretação, pensamento crítico e capacidade de aplicação em diferentes contextos de aprendizagem.",1
94,22,1,"Ângulos, polígonos e circunferência","Compreender, analisar e aplicar os conceitos relacionados a ângulos, polígonos e circunferência, desenvolvendo interpretação, pensamento crítico e capacidade de aplicação em diferentes contextos de aprendizagem.",1
95,22,2,Semelhança de triângulos,"Compreender, analisar e aplicar os conceitos relacionados a semelhança de triângulos, desenvolvendo interpretação, pensamento crítico e capacidade de aplicação em diferentes contextos de aprendizagem.",1
96,22,3,Teorema de Pitágoras e aplicações,"Compreender, analisar e aplicar os conceitos relacionados a teorema de pitágoras e aplicações, desenvolvendo interpretação, pensamento crítico e capacidade de aplicação em diferentes contextos de aprendizagem.",1
97,22,4,Áreas e perímetros (plano),"Compreender, analisar e aplicar os conceitos relacionados a áreas e perímetros (plano), desenvolvendo interpretação, pensamento crítico e capacidade de aplicação em diferentes contextos de aprendizagem.",1
98,22,5,Geometria espacial: prismas e pirâmides,"Compreender, analisar e aplicar os conceitos relacionados a geometria espacial: prismas e pirâmides, desenvolvendo interpretação, pensamento crítico e capacidade de aplicação em diferentes contextos de aprendizagem.",1
99,22,6,"Cilindro, cone e esfera (noções)","Compreender, analisar e aplicar os conceitos relacionados a cilindro, cone e esfera (noções), desenvolvendo interpretação, pensamento crítico e capacidade de aplicação em diferentes contextos de aprendizagem.",1
100,22,7,Trigonometria no triângulo retângulo,"Compreender, analisar e aplicar os conceitos relacionados a trigonometria no triângulo retângulo, desenvolvendo interpretação, pensamento crítico e capacidade de aplicação em diferentes contextos de aprendizagem.",1
101,23,1,Leitura e interpretação de gráficos,"Compreender, analisar e aplicar os conceitos relacionados a leitura e interpretação de gráficos, desenvolvendo interpretação, pensamento crítico e capacidade de aplicação em diferentes contextos de aprendizagem.",1
102,23,2,Medidas de tendência central,"Compreender, analisar e aplicar os conceitos relacionados a medidas de tendência central, desenvolvendo interpretação, pensamento crítico e capacidade de aplicação em diferentes contextos de aprendizagem.",1
103,23,3,Medidas de dispersão (noções),"Compreender, analisar e aplicar os conceitos relacionados a medidas de dispersão (noções), desenvolvendo interpretação, pensamento crítico e capacidade de aplicação em diferentes contextos de aprendizagem.",1
104,23,4,Princípios de contagem,"Compreender, analisar e aplicar os conceitos relacionados a princípios de contagem, desenvolvendo interpretação, pensamento crítico e capacidade de aplicação em diferentes contextos de aprendizagem.",1
105,23,5,Probabilidade básica,"Compreender, analisar e aplicar os conceitos relacionados a probabilidade básica, desenvolvendo interpretação, pensamento crítico e capacidade de aplicação em diferentes contextos de aprendizagem.",1
106,24,1,Função exponencial,"Compreender, analisar e aplicar os conceitos relacionados a função exponencial, desenvolvendo interpretação, pensamento crítico e capacidade de aplicação em diferentes contextos de aprendizagem.",1
107,24,2,Função logarítmica,"Compreender, analisar e aplicar os conceitos relacionados a função logarítmica, desenvolvendo interpretação, pensamento crítico e capacidade de aplicação em diferentes contextos de aprendizagem.",1
108,24,3,Equações e inequações exponenciais,"Compreender, analisar e aplicar os conceitos relacionados a equações e inequações exponenciais, desenvolvendo interpretação, pensamento crítico e capacidade de aplicação em diferentes contextos de aprendizagem.",1
109,24,4,Equações e inequações logarítmicas,"Compreender, analisar e aplicar os conceitos relacionados a equações e inequações logarítmicas, desenvolvendo interpretação, pensamento crítico e capacidade de aplicação em diferentes contextos de aprendizagem.",1
110,24,5,Funções composta e inversa,"Compreender, analisar e aplicar os conceitos relacionados a funções composta e inversa, desenvolvendo interpretação, pensamento crítico e capacidade de aplicação em diferentes contextos de aprendizagem.",1
111,24,6,Modelagem com funções (crescimento/decrescimento),"Compreender, analisar e aplicar os conceitos relacionados a modelagem com funções (crescimento/decrescimento), desenvolvendo interpretação, pensamento crítico e capacidade de aplicação em diferentes contextos de aprendizagem.",1
112,25,1,Plano cartesiano e distância,"Compreender, analisar e aplicar os conceitos relacionados a plano cartesiano e distância, desenvolvendo interpretação, pensamento crítico e capacidade de aplicação em diferentes contextos de aprendizagem.",1
113,25,2,Ponto médio e divisão de segmentos,"Compreender, analisar e aplicar os conceitos relacionados a ponto médio e divisão de segmentos, desenvolvendo interpretação, pensamento crítico e capacidade de aplicação em diferentes contextos de aprendizagem.",1
114,25,3,Equação da reta,"Compreender, analisar e aplicar os conceitos relacionados a equação da reta, desenvolvendo interpretação, pensamento crítico e capacidade de aplicação em diferentes contextos de aprendizagem.",1
115,25,4,Paralelismo e perpendicularismo,"Compreender, analisar e aplicar os conceitos relacionados a paralelismo e perpendicularismo, desenvolvendo interpretação, pensamento crítico e capacidade de aplicação em diferentes contextos de aprendizagem.",1
116,25,5,Circunferência (equação),"Compreender, analisar e aplicar os conceitos relacionados a circunferência (equação), desenvolvendo interpretação, pensamento crítico e capacidade de aplicação em diferentes contextos de aprendizagem.",1
117,25,6,Problemas geométricos no plano,"Compreender, analisar e aplicar os conceitos relacionados a problemas geométricos no plano, desenvolvendo interpretação, pensamento crítico e capacidade de aplicação em diferentes contextos de aprendizagem.",1
118,26,1,Razões trigonométricas,"Compreender, analisar e aplicar os conceitos relacionados a razões trigonométricas, desenvolvendo interpretação, pensamento crítico e capacidade de aplicação em diferentes contextos de aprendizagem.",1
119,26,2,Ciclo trigonométrico (noções),"Compreender, analisar e aplicar os conceitos relacionados a ciclo trigonométrico (noções), desenvolvendo interpretação, pensamento crítico e capacidade de aplicação em diferentes contextos de aprendizagem.",1
120,26,3,"Funções seno, cosseno e tangente","Compreender, analisar e aplicar os conceitos relacionados a funções seno, cosseno e tangente, desenvolvendo interpretação, pensamento crítico e capacidade de aplicação em diferentes contextos de aprendizagem.",1
121,26,4,Identidades básicas,"Compreender, analisar e aplicar os conceitos relacionados a identidades básicas, desenvolvendo interpretação, pensamento crítico e capacidade de aplicação em diferentes contextos de aprendizagem.",1
122,26,5,Resolução de triângulos (lei dos senos e cossenos),"Compreender, analisar e aplicar os conceitos relacionados a resolução de triângulos (lei dos senos e cossenos), desenvolvendo interpretação, pensamento crítico e capacidade de aplicação em diferentes contextos de aprendizagem.",1
123,27,1,"Arranjos, combinações e permutações","Compreender, analisar e aplicar os conceitos relacionados a arranjos, combinações e permutações, desenvolvendo interpretação, pensamento crítico e capacidade de aplicação em diferentes contextos de aprendizagem.",1
124,27,2,Binômio de Newton (noções),"Compreender, analisar e aplicar os conceitos relacionados a binômio de newton (noções), desenvolvendo interpretação, pensamento crítico e capacidade de aplicação em diferentes contextos de aprendizagem.",1
125,27,3,Probabilidade condicionada,"Compreender, analisar e aplicar os conceitos relacionados a probabilidade condicionada, desenvolvendo interpretação, pensamento crítico e capacidade de aplicação em diferentes contextos de aprendizagem.",1
126,27,4,Eventos independentes,"Compreender, analisar e aplicar os conceitos relacionados a eventos independentes, desenvolvendo interpretação, pensamento crítico e capacidade de aplicação em diferentes contextos de aprendizagem.",1
127,27,5,Distribuições simples (noções),"Compreender, analisar e aplicar os conceitos relacionados a distribuições simples (noções), desenvolvendo interpretação, pensamento crítico e capacidade de aplicação em diferentes contextos de aprendizagem.",1
128,28,1,"Volumes: prismas, pirâmides, cilindro, cone, esfera","Compreender, analisar e aplicar os conceitos relacionados a volumes: prismas, pirâmides, cilindro, cone, esfera, desenvolvendo interpretação, pensamento crítico e capacidade de aplicação em diferentes contextos de aprendizagem.",1
129,28,2,Seções e planificações (noções),"Compreender, analisar e aplicar os conceitos relacionados a seções e planificações (noções), desenvolvendo interpretação, pensamento crítico e capacidade de aplicação em diferentes contextos de aprendizagem.",1
130,28,3,Geometria de posição (reta/plano),"Compreender, analisar e aplicar os conceitos relacionados a geometria de posição (reta/plano), desenvolvendo interpretação, pensamento crítico e capacidade de aplicação em diferentes contextos de aprendizagem.",1
131,28,4,Poliedros e relações (Euler) (noções),"Compreender, analisar e aplicar os conceitos relacionados a poliedros e relações (euler) (noções), desenvolvendo interpretação, pensamento crítico e capacidade de aplicação em diferentes contextos de aprendizagem.",1
132,29,1,"Problemas integrados (funções, geometria, estatística)","Compreender, analisar e aplicar os conceitos relacionados a problemas integrados (funções, geometria, estatística), desenvolvendo interpretação, pensamento crítico e capacidade de aplicação em diferentes contextos de aprendizagem.",1
133,29,2,Estratégias ENEM: leitura de enunciados,"Compreender, analisar e aplicar os conceitos relacionados a estratégias enem: leitura de enunciados, desenvolvendo interpretação, pensamento crítico e capacidade de aplicação em diferentes contextos de aprendizagem.",1
134,29,3,Listas de exercícios por tema,"Compreender, analisar e aplicar os conceitos relacionados a listas de exercícios por tema, desenvolvendo interpretação, pensamento crítico e capacidade de aplicação em diferentes contextos de aprendizagem.",1
135,29,4,Simulados e análise de erros,"Compreender, analisar e aplicar os conceitos relacionados a simulados e análise de erros, desenvolvendo interpretação, pensamento crítico e capacidade de aplicação em diferentes contextos de aprendizagem.",1
136,30,1,Grandezas e unidades,"Compreender, analisar e aplicar os conceitos relacionados a grandezas e unidades, desenvolvendo interpretação, pensamento crítico e capacidade de aplicação em diferentes contextos de aprendizagem.",1
137,30,2,Movimento uniforme (MU),"Compreender, analisar e aplicar os conceitos relacionados a movimento uniforme (mu), desenvolvendo interpretação, pensamento crítico e capacidade de aplicação em diferentes contextos de aprendizagem.",1
138,30,3,Movimento uniformemente variado (MUV),"Compreender, analisar e aplicar os conceitos relacionados a movimento uniformemente variado (muv), desenvolvendo interpretação, pensamento crítico e capacidade de aplicação em diferentes contextos de aprendizagem.",1
139,30,4,Queda livre e lançamento vertical,"Compreender, analisar e aplicar os conceitos relacionados a queda livre e lançamento vertical, desenvolvendo interpretação, pensamento crítico e capacidade de aplicação em diferentes contextos de aprendizagem.",1
140,30,5,Lançamento oblíquo (noções),"Compreender, analisar e aplicar os conceitos relacionados a lançamento oblíquo (noções), desenvolvendo interpretação, pensamento crítico e capacidade de aplicação em diferentes contextos de aprendizagem.",1
141,30,6,Gráficos do movimento,"Compreender, analisar e aplicar os conceitos relacionados a gráficos do movimento, desenvolvendo interpretação, pensamento crítico e capacidade de aplicação em diferentes contextos de aprendizagem.",1
142,31,1,Leis de Newton,"Compreender, analisar e aplicar os conceitos relacionados a leis de newton, desenvolvendo interpretação, pensamento crítico e capacidade de aplicação em diferentes contextos de aprendizagem.",1
143,31,2,"Forças (peso, normal, atrito, tração)","Compreender, analisar e aplicar os conceitos relacionados a forças (peso, normal, atrito, tração), desenvolvendo interpretação, pensamento crítico e capacidade de aplicação em diferentes contextos de aprendizagem.",1
144,31,3,Plano inclinado,"Compreender, analisar e aplicar os conceitos relacionados a plano inclinado, desenvolvendo interpretação, pensamento crítico e capacidade de aplicação em diferentes contextos de aprendizagem.",1
145,31,4,Trabalho e potência,"Compreender, analisar e aplicar os conceitos relacionados a trabalho e potência, desenvolvendo interpretação, pensamento crítico e capacidade de aplicação em diferentes contextos de aprendizagem.",1
146,31,5,Energia cinética e potencial,"Compreender, analisar e aplicar os conceitos relacionados a energia cinética e potencial, desenvolvendo interpretação, pensamento crítico e capacidade de aplicação em diferentes contextos de aprendizagem.",1
147,31,6,Conservação de energia,"Compreender, analisar e aplicar os conceitos relacionados a conservação de energia, desenvolvendo interpretação, pensamento crítico e capacidade de aplicação em diferentes contextos de aprendizagem.",1
148,32,1,Gravitação universal (noções),"Compreender, analisar e aplicar os conceitos relacionados a gravitação universal (noções), desenvolvendo interpretação, pensamento crítico e capacidade de aplicação em diferentes contextos de aprendizagem.",1
149,32,2,Pressão (noções),"Compreender, analisar e aplicar os conceitos relacionados a pressão (noções), desenvolvendo interpretação, pensamento crítico e capacidade de aplicação em diferentes contextos de aprendizagem.",1
150,32,3,Equilíbrio de forças,"Compreender, analisar e aplicar os conceitos relacionados a equilíbrio de forças, desenvolvendo interpretação, pensamento crítico e capacidade de aplicação em diferentes contextos de aprendizagem.",1
151,32,4,Torque e alavancas (noções),"Compreender, analisar e aplicar os conceitos relacionados a torque e alavancas (noções), desenvolvendo interpretação, pensamento crítico e capacidade de aplicação em diferentes contextos de aprendizagem.",1
152,33,1,Temperatura e escalas,"Compreender, analisar e aplicar os conceitos relacionados a temperatura e escalas, desenvolvendo interpretação, pensamento crítico e capacidade de aplicação em diferentes contextos de aprendizagem.",1
153,33,2,Dilatação térmica,"Compreender, analisar e aplicar os conceitos relacionados a dilatação térmica, desenvolvendo interpretação, pensamento crítico e capacidade de aplicação em diferentes contextos de aprendizagem.",1
154,33,3,Calorimetria,"Compreender, analisar e aplicar os conceitos relacionados a calorimetria, desenvolvendo interpretação, pensamento crítico e capacidade de aplicação em diferentes contextos de aprendizagem.",1
155,33,4,Mudanças de estado,"Compreender, analisar e aplicar os conceitos relacionados a mudanças de estado, desenvolvendo interpretação, pensamento crítico e capacidade de aplicação em diferentes contextos de aprendizagem.",1
156,33,5,Gases e equação de estado,"Compreender, analisar e aplicar os conceitos relacionados a gases e equação de estado, desenvolvendo interpretação, pensamento crítico e capacidade de aplicação em diferentes contextos de aprendizagem.",1
157,33,6,Máquinas térmicas (noções),"Compreender, analisar e aplicar os conceitos relacionados a máquinas térmicas (noções), desenvolvendo interpretação, pensamento crítico e capacidade de aplicação em diferentes contextos de aprendizagem.",1
158,34,1,Ondas: características,"Compreender, analisar e aplicar os conceitos relacionados a ondas: características, desenvolvendo interpretação, pensamento crítico e capacidade de aplicação em diferentes contextos de aprendizagem.",1
159,34,2,Som: frequência e intensidade,"Compreender, analisar e aplicar os conceitos relacionados a som: frequência e intensidade, desenvolvendo interpretação, pensamento crítico e capacidade de aplicação em diferentes contextos de aprendizagem.",1
160,34,3,Fenômenos ondulatórios,"Compreender, analisar e aplicar os conceitos relacionados a fenômenos ondulatórios, desenvolvendo interpretação, pensamento crítico e capacidade de aplicação em diferentes contextos de aprendizagem.",1
161,34,4,Óptica geométrica: reflexão,"Compreender, analisar e aplicar os conceitos relacionados a óptica geométrica: reflexão, desenvolvendo interpretação, pensamento crítico e capacidade de aplicação em diferentes contextos de aprendizagem.",1
162,34,5,Refração e lentes,"Compreender, analisar e aplicar os conceitos relacionados a refração e lentes, desenvolvendo interpretação, pensamento crítico e capacidade de aplicação em diferentes contextos de aprendizagem.",1
163,34,6,Instrumentos ópticos (noções),"Compreender, analisar e aplicar os conceitos relacionados a instrumentos ópticos (noções), desenvolvendo interpretação, pensamento crítico e capacidade de aplicação em diferentes contextos de aprendizagem.",1
164,35,1,Densidade e pressão,"Compreender, analisar e aplicar os conceitos relacionados a densidade e pressão, desenvolvendo interpretação, pensamento crítico e capacidade de aplicação em diferentes contextos de aprendizagem.",1
165,35,2,Princípio de Pascal,"Compreender, analisar e aplicar os conceitos relacionados a princípio de pascal, desenvolvendo interpretação, pensamento crítico e capacidade de aplicação em diferentes contextos de aprendizagem.",1
166,35,3,Empuxo (Arquimedes),"Compreender, analisar e aplicar os conceitos relacionados a empuxo (arquimedes), desenvolvendo interpretação, pensamento crítico e capacidade de aplicação em diferentes contextos de aprendizagem.",1
167,35,4,Escoamento (noções),"Compreender, analisar e aplicar os conceitos relacionados a escoamento (noções), desenvolvendo interpretação, pensamento crítico e capacidade de aplicação em diferentes contextos de aprendizagem.",1
168,36,1,Carga elétrica e eletrização,"Compreender, analisar e aplicar os conceitos relacionados a carga elétrica e eletrização, desenvolvendo interpretação, pensamento crítico e capacidade de aplicação em diferentes contextos de aprendizagem.",1
169,36,2,Lei de Coulomb,"Compreender, analisar e aplicar os conceitos relacionados a lei de coulomb, desenvolvendo interpretação, pensamento crítico e capacidade de aplicação em diferentes contextos de aprendizagem.",1
170,36,3,Campo e potencial elétrico,"Compreender, analisar e aplicar os conceitos relacionados a campo e potencial elétrico, desenvolvendo interpretação, pensamento crítico e capacidade de aplicação em diferentes contextos de aprendizagem.",1
171,36,4,Capacitores (noções),"Compreender, analisar e aplicar os conceitos relacionados a capacitores (noções), desenvolvendo interpretação, pensamento crítico e capacidade de aplicação em diferentes contextos de aprendizagem.",1
172,37,1,"Corrente, tensão e resistência","Compreender, analisar e aplicar os conceitos relacionados a corrente, tensão e resistência, desenvolvendo interpretação, pensamento crítico e capacidade de aplicação em diferentes contextos de aprendizagem.",1
173,37,2,Leis de Ohm,"Compreender, analisar e aplicar os conceitos relacionados a leis de ohm, desenvolvendo interpretação, pensamento crítico e capacidade de aplicação em diferentes contextos de aprendizagem.",1
174,37,3,Associação de resistores,"Compreender, analisar e aplicar os conceitos relacionados a associação de resistores, desenvolvendo interpretação, pensamento crítico e capacidade de aplicação em diferentes contextos de aprendizagem.",1
175,37,4,Potência elétrica e consumo,"Compreender, analisar e aplicar os conceitos relacionados a potência elétrica e consumo, desenvolvendo interpretação, pensamento crítico e capacidade de aplicação em diferentes contextos de aprendizagem.",1
176,37,5,Circuitos elétricos simples,"Compreender, analisar e aplicar os conceitos relacionados a circuitos elétricos simples, desenvolvendo interpretação, pensamento crítico e capacidade de aplicação em diferentes contextos de aprendizagem.",1
177,38,1,Campo magnético,"Compreender, analisar e aplicar os conceitos relacionados a campo magnético, desenvolvendo interpretação, pensamento crítico e capacidade de aplicação em diferentes contextos de aprendizagem.",1
178,38,2,Força magnética (noções),"Compreender, analisar e aplicar os conceitos relacionados a força magnética (noções), desenvolvendo interpretação, pensamento crítico e capacidade de aplicação em diferentes contextos de aprendizagem.",1
179,38,3,Indução eletromagnética (noções),"Compreender, analisar e aplicar os conceitos relacionados a indução eletromagnética (noções), desenvolvendo interpretação, pensamento crítico e capacidade de aplicação em diferentes contextos de aprendizagem.",1
180,38,4,Radiações e espectro,"Compreender, analisar e aplicar os conceitos relacionados a radiações e espectro, desenvolvendo interpretação, pensamento crítico e capacidade de aplicação em diferentes contextos de aprendizagem.",1
181,38,5,Relatividade e quântica (panorama ENEM),"Compreender, analisar e aplicar os conceitos relacionados a relatividade e quântica (panorama enem), desenvolvendo interpretação, pensamento crítico e capacidade de aplicação em diferentes contextos de aprendizagem.",1
182,39,1,"Matéria, corpo e substância","Compreender, analisar e aplicar os conceitos relacionados a matéria, corpo e substância, desenvolvendo interpretação, pensamento crítico e capacidade de aplicação em diferentes contextos de aprendizagem.",1
183,39,2,Misturas e separação,"Compreender, analisar e aplicar os conceitos relacionados a misturas e separação, desenvolvendo interpretação, pensamento crítico e capacidade de aplicação em diferentes contextos de aprendizagem.",1
184,39,3,Estados físicos e mudanças,"Compreender, analisar e aplicar os conceitos relacionados a estados físicos e mudanças, desenvolvendo interpretação, pensamento crítico e capacidade de aplicação em diferentes contextos de aprendizagem.",1
185,39,4,Propriedades da matéria,"Compreender, analisar e aplicar os conceitos relacionados a propriedades da matéria, desenvolvendo interpretação, pensamento crítico e capacidade de aplicação em diferentes contextos de aprendizagem.",1
186,39,5,Modelos atômicos (história e ideia),"Compreender, analisar e aplicar os conceitos relacionados a modelos atômicos (história e ideia), desenvolvendo interpretação, pensamento crítico e capacidade de aplicação em diferentes contextos de aprendizagem.",1
187,39,6,Tabela periódica (organização),"Compreender, analisar e aplicar os conceitos relacionados a tabela periódica (organização), desenvolvendo interpretação, pensamento crítico e capacidade de aplicação em diferentes contextos de aprendizagem.",1
188,40,1,Ligação iônica,"Compreender, analisar e aplicar os conceitos relacionados a ligação iônica, desenvolvendo interpretação, pensamento crítico e capacidade de aplicação em diferentes contextos de aprendizagem.",1
189,40,2,Ligação covalente,"Compreender, analisar e aplicar os conceitos relacionados a ligação covalente, desenvolvendo interpretação, pensamento crítico e capacidade de aplicação em diferentes contextos de aprendizagem.",1
190,40,3,Ligação metálica,"Compreender, analisar e aplicar os conceitos relacionados a ligação metálica, desenvolvendo interpretação, pensamento crítico e capacidade de aplicação em diferentes contextos de aprendizagem.",1
191,40,4,Geometria molecular (noções),"Compreender, analisar e aplicar os conceitos relacionados a geometria molecular (noções), desenvolvendo interpretação, pensamento crítico e capacidade de aplicação em diferentes contextos de aprendizagem.",1
192,40,5,Polaridade e forças intermoleculares,"Compreender, analisar e aplicar os conceitos relacionados a polaridade e forças intermoleculares, desenvolvendo interpretação, pensamento crítico e capacidade de aplicação em diferentes contextos de aprendizagem.",1
193,40,6,Propriedades dos materiais,"Compreender, analisar e aplicar os conceitos relacionados a propriedades dos materiais, desenvolvendo interpretação, pensamento crítico e capacidade de aplicação em diferentes contextos de aprendizagem.",1
194,41,1,Mol e constante de Avogadro,"Compreender, analisar e aplicar os conceitos relacionados a mol e constante de avogadro, desenvolvendo interpretação, pensamento crítico e capacidade de aplicação em diferentes contextos de aprendizagem.",1
195,41,2,Massa molar,"Compreender, analisar e aplicar os conceitos relacionados a massa molar, desenvolvendo interpretação, pensamento crítico e capacidade de aplicação em diferentes contextos de aprendizagem.",1
196,41,3,Estequiometria básica,"Compreender, analisar e aplicar os conceitos relacionados a estequiometria básica, desenvolvendo interpretação, pensamento crítico e capacidade de aplicação em diferentes contextos de aprendizagem.",1
197,41,4,Rendimento e pureza (noções),"Compreender, analisar e aplicar os conceitos relacionados a rendimento e pureza (noções), desenvolvendo interpretação, pensamento crítico e capacidade de aplicação em diferentes contextos de aprendizagem.",1
198,41,5,Soluções: concentração comum e molaridade,"Compreender, analisar e aplicar os conceitos relacionados a soluções: concentração comum e molaridade, desenvolvendo interpretação, pensamento crítico e capacidade de aplicação em diferentes contextos de aprendizagem.",1
199,41,6,Diluição e mistura de soluções (noções),"Compreender, analisar e aplicar os conceitos relacionados a diluição e mistura de soluções (noções), desenvolvendo interpretação, pensamento crítico e capacidade de aplicação em diferentes contextos de aprendizagem.",1
200,42,1,Termoquímica,"Compreender, analisar e aplicar os conceitos relacionados a termoquímica, desenvolvendo interpretação, pensamento crítico e capacidade de aplicação em diferentes contextos de aprendizagem.",1
201,42,2,Cinética química,"Compreender, analisar e aplicar os conceitos relacionados a cinética química, desenvolvendo interpretação, pensamento crítico e capacidade de aplicação em diferentes contextos de aprendizagem.",1
202,42,3,Equilíbrio químico,"Compreender, analisar e aplicar os conceitos relacionados a equilíbrio químico, desenvolvendo interpretação, pensamento crítico e capacidade de aplicação em diferentes contextos de aprendizagem.",1
203,42,4,pH e pOH (noções),"Compreender, analisar e aplicar os conceitos relacionados a ph e poh (noções), desenvolvendo interpretação, pensamento crítico e capacidade de aplicação em diferentes contextos de aprendizagem.",1
204,42,5,Eletroquímica: pilhas,"Compreender, analisar e aplicar os conceitos relacionados a eletroquímica: pilhas, desenvolvendo interpretação, pensamento crítico e capacidade de aplicação em diferentes contextos de aprendizagem.",1
205,42,6,Eletrólise (noções),"Compreender, analisar e aplicar os conceitos relacionados a eletrólise (noções), desenvolvendo interpretação, pensamento crítico e capacidade de aplicação em diferentes contextos de aprendizagem.",1
206,43,1,Funções inorgânicas: ácidos,"Compreender, analisar e aplicar os conceitos relacionados a funções inorgânicas: ácidos, desenvolvendo interpretação, pensamento crítico e capacidade de aplicação em diferentes contextos de aprendizagem.",1
207,43,2,Bases,"Compreender, analisar e aplicar os conceitos relacionados a bases, desenvolvendo interpretação, pensamento crítico e capacidade de aplicação em diferentes contextos de aprendizagem.",1
208,43,3,Sais e óxidos,"Compreender, analisar e aplicar os conceitos relacionados a sais e óxidos, desenvolvendo interpretação, pensamento crítico e capacidade de aplicação em diferentes contextos de aprendizagem.",1
209,43,4,Nomenclatura e propriedades,"Compreender, analisar e aplicar os conceitos relacionados a nomenclatura e propriedades, desenvolvendo interpretação, pensamento crítico e capacidade de aplicação em diferentes contextos de aprendizagem.",1
210,43,5,Reações inorgânicas (noções),"Compreender, analisar e aplicar os conceitos relacionados a reações inorgânicas (noções), desenvolvendo interpretação, pensamento crítico e capacidade de aplicação em diferentes contextos de aprendizagem.",1
211,43,6,"Química ambiental (chuva ácida, poluição)","Compreender, analisar e aplicar os conceitos relacionados a química ambiental (chuva ácida, poluição), desenvolvendo interpretação, pensamento crítico e capacidade de aplicação em diferentes contextos de aprendizagem.",1
212,44,1,Cadeias carbônicas,"Compreender, analisar e aplicar os conceitos relacionados a cadeias carbônicas, desenvolvendo interpretação, pensamento crítico e capacidade de aplicação em diferentes contextos de aprendizagem.",1
213,44,2,Hidrocarbonetos,"Compreender, analisar e aplicar os conceitos relacionados a hidrocarbonetos, desenvolvendo interpretação, pensamento crítico e capacidade de aplicação em diferentes contextos de aprendizagem.",1
214,44,3,Nomenclatura IUPAC,"Compreender, analisar e aplicar os conceitos relacionados a nomenclatura iupac, desenvolvendo interpretação, pensamento crítico e capacidade de aplicação em diferentes contextos de aprendizagem.",1
215,44,4,Funções orgânicas,"Compreender, analisar e aplicar os conceitos relacionados a funções orgânicas, desenvolvendo interpretação, pensamento crítico e capacidade de aplicação em diferentes contextos de aprendizagem.",1
216,44,5,Isomeria,"Compreender, analisar e aplicar os conceitos relacionados a isomeria, desenvolvendo interpretação, pensamento crítico e capacidade de aplicação em diferentes contextos de aprendizagem.",1
217,44,6,Reações orgânicas (noções),"Compreender, analisar e aplicar os conceitos relacionados a reações orgânicas (noções), desenvolvendo interpretação, pensamento crítico e capacidade de aplicação em diferentes contextos de aprendizagem.",1
218,44,7,Polímeros e aplicações,"Compreender, analisar e aplicar os conceitos relacionados a polímeros e aplicações, desenvolvendo interpretação, pensamento crítico e capacidade de aplicação em diferentes contextos de aprendizagem.",1
219,44,8,Química dos combustíveis,"Compreender, analisar e aplicar os conceitos relacionados a química dos combustíveis, desenvolvendo interpretação, pensamento crítico e capacidade de aplicação em diferentes contextos de aprendizagem.",1
220,45,1,Resolução de questões contextualizadas,"Compreender, analisar e aplicar os conceitos relacionados a resolução de questões contextualizadas, desenvolvendo interpretação, pensamento crítico e capacidade de aplicação em diferentes contextos de aprendizagem.",1
221,45,2,"Química e cotidiano (alimentos, medicamentos)","Compreender, analisar e aplicar os conceitos relacionados a química e cotidiano (alimentos, medicamentos), desenvolvendo interpretação, pensamento crítico e capacidade de aplicação em diferentes contextos de aprendizagem.",1
222,45,3,Experimentos simples e segurança,"Compreender, analisar e aplicar os conceitos relacionados a experimentos simples e segurança, desenvolvendo interpretação, pensamento crítico e capacidade de aplicação em diferentes contextos de aprendizagem.",1
223,45,4,Simulados e análise de erros,"Compreender, analisar e aplicar os conceitos relacionados a simulados e análise de erros, desenvolvendo interpretação, pensamento crítico e capacidade de aplicação em diferentes contextos de aprendizagem.",1
224,46,1,"Água, sais, carboidratos, lipídios, proteínas","Compreender, analisar e aplicar os conceitos relacionados a água, sais, carboidratos, lipídios, proteínas, desenvolvendo interpretação, pensamento crítico e capacidade de aplicação em diferentes contextos de aprendizagem.",1
225,46,2,Organelas e funções,"Compreender, analisar e aplicar os conceitos relacionados a organelas e funções, desenvolvendo interpretação, pensamento crítico e capacidade de aplicação em diferentes contextos de aprendizagem.",1
226,46,3,Membrana e transporte,"Compreender, analisar e aplicar os conceitos relacionados a membrana e transporte, desenvolvendo interpretação, pensamento crítico e capacidade de aplicação em diferentes contextos de aprendizagem.",1
227,46,4,Metabolismo celular (noções),"Compreender, analisar e aplicar os conceitos relacionados a metabolismo celular (noções), desenvolvendo interpretação, pensamento crítico e capacidade de aplicação em diferentes contextos de aprendizagem.",1
228,46,5,Divisão celular (mitose e meiose),"Compreender, analisar e aplicar os conceitos relacionados a divisão celular (mitose e meiose), desenvolvendo interpretação, pensamento crítico e capacidade de aplicação em diferentes contextos de aprendizagem.",1
229,47,1,"DNA, RNA e síntese proteica (noções)","Compreender, analisar e aplicar os conceitos relacionados a dna, rna e síntese proteica (noções), desenvolvendo interpretação, pensamento crítico e capacidade de aplicação em diferentes contextos de aprendizagem.",1
230,47,2,Herança mendeliana,"Compreender, analisar e aplicar os conceitos relacionados a herança mendeliana, desenvolvendo interpretação, pensamento crítico e capacidade de aplicação em diferentes contextos de aprendizagem.",1
231,47,3,Probabilidade em genética,"Compreender, analisar e aplicar os conceitos relacionados a probabilidade em genética, desenvolvendo interpretação, pensamento crítico e capacidade de aplicação em diferentes contextos de aprendizagem.",1
232,47,4,Grupos sanguíneos (noções),"Compreender, analisar e aplicar os conceitos relacionados a grupos sanguíneos (noções), desenvolvendo interpretação, pensamento crítico e capacidade de aplicação em diferentes contextos de aprendizagem.",1
233,47,5,Genética e sociedade (bioética),"Compreender, analisar e aplicar os conceitos relacionados a genética e sociedade (bioética), desenvolvendo interpretação, pensamento crítico e capacidade de aplicação em diferentes contextos de aprendizagem.",1
234,48,1,Conceitos de ecologia,"Compreender, analisar e aplicar os conceitos relacionados a conceitos de ecologia, desenvolvendo interpretação, pensamento crítico e capacidade de aplicação em diferentes contextos de aprendizagem.",1
235,48,2,Cadeias e teias alimentares,"Compreender, analisar e aplicar os conceitos relacionados a cadeias e teias alimentares, desenvolvendo interpretação, pensamento crítico e capacidade de aplicação em diferentes contextos de aprendizagem.",1
236,48,3,Ciclos biogeoquímicos (noções),"Compreender, analisar e aplicar os conceitos relacionados a ciclos biogeoquímicos (noções), desenvolvendo interpretação, pensamento crítico e capacidade de aplicação em diferentes contextos de aprendizagem.",1
237,48,4,Relações ecológicas,"Compreender, analisar e aplicar os conceitos relacionados a relações ecológicas, desenvolvendo interpretação, pensamento crítico e capacidade de aplicação em diferentes contextos de aprendizagem.",1
238,48,5,Impactos ambientais e conservação,"Compreender, analisar e aplicar os conceitos relacionados a impactos ambientais e conservação, desenvolvendo interpretação, pensamento crítico e capacidade de aplicação em diferentes contextos de aprendizagem.",1
239,49,1,Classificação vegetal (noções),"Compreender, analisar e aplicar os conceitos relacionados a classificação vegetal (noções), desenvolvendo interpretação, pensamento crítico e capacidade de aplicação em diferentes contextos de aprendizagem.",1
240,49,2,Tecidos vegetais,"Compreender, analisar e aplicar os conceitos relacionados a tecidos vegetais, desenvolvendo interpretação, pensamento crítico e capacidade de aplicação em diferentes contextos de aprendizagem.",1
241,49,3,Transporte de seiva,"Compreender, analisar e aplicar os conceitos relacionados a transporte de seiva, desenvolvendo interpretação, pensamento crítico e capacidade de aplicação em diferentes contextos de aprendizagem.",1
242,49,4,Fotossíntese e respiração vegetal,"Compreender, analisar e aplicar os conceitos relacionados a fotossíntese e respiração vegetal, desenvolvendo interpretação, pensamento crítico e capacidade de aplicação em diferentes contextos de aprendizagem.",1
243,49,5,Reprodução vegetal,"Compreender, analisar e aplicar os conceitos relacionados a reprodução vegetal, desenvolvendo interpretação, pensamento crítico e capacidade de aplicação em diferentes contextos de aprendizagem.",1
244,50,1,Invertebrados (panorama),"Compreender, analisar e aplicar os conceitos relacionados a invertebrados (panorama), desenvolvendo interpretação, pensamento crítico e capacidade de aplicação em diferentes contextos de aprendizagem.",1
245,50,2,Vertebrados (panorama),"Compreender, analisar e aplicar os conceitos relacionados a vertebrados (panorama), desenvolvendo interpretação, pensamento crítico e capacidade de aplicação em diferentes contextos de aprendizagem.",1
246,50,3,Evolução e adaptação,"Compreender, analisar e aplicar os conceitos relacionados a evolução e adaptação, desenvolvendo interpretação, pensamento crítico e capacidade de aplicação em diferentes contextos de aprendizagem.",1
247,50,4,Filogenia (noções),"Compreender, analisar e aplicar os conceitos relacionados a filogenia (noções), desenvolvendo interpretação, pensamento crítico e capacidade de aplicação em diferentes contextos de aprendizagem.",1
248,51,1,Vírus e bactérias,"Compreender, analisar e aplicar os conceitos relacionados a vírus e bactérias, desenvolvendo interpretação, pensamento crítico e capacidade de aplicação em diferentes contextos de aprendizagem.",1
249,51,2,Protozooses e verminoses,"Compreender, analisar e aplicar os conceitos relacionados a protozooses e verminoses, desenvolvendo interpretação, pensamento crítico e capacidade de aplicação em diferentes contextos de aprendizagem.",1
250,51,3,Imunologia (noções),"Compreender, analisar e aplicar os conceitos relacionados a imunologia (noções), desenvolvendo interpretação, pensamento crítico e capacidade de aplicação em diferentes contextos de aprendizagem.",1
251,51,4,Vacinas e prevenção,"Compreender, analisar e aplicar os conceitos relacionados a vacinas e prevenção, desenvolvendo interpretação, pensamento crítico e capacidade de aplicação em diferentes contextos de aprendizagem.",1
252,51,5,Saneamento básico,"Compreender, analisar e aplicar os conceitos relacionados a saneamento básico, desenvolvendo interpretação, pensamento crítico e capacidade de aplicação em diferentes contextos de aprendizagem.",1
253,52,1,Sistemas digestório e respiratório,"Compreender, analisar e aplicar os conceitos relacionados a sistemas digestório e respiratório, desenvolvendo interpretação, pensamento crítico e capacidade de aplicação em diferentes contextos de aprendizagem.",1
254,52,2,Circulatório e excretor,"Compreender, analisar e aplicar os conceitos relacionados a circulatório e excretor, desenvolvendo interpretação, pensamento crítico e capacidade de aplicação em diferentes contextos de aprendizagem.",1
255,52,3,Nervoso e endócrino,"Compreender, analisar e aplicar os conceitos relacionados a nervoso e endócrino, desenvolvendo interpretação, pensamento crítico e capacidade de aplicação em diferentes contextos de aprendizagem.",1
256,52,4,Reprodutor e sexualidade,"Compreender, analisar e aplicar os conceitos relacionados a reprodutor e sexualidade, desenvolvendo interpretação, pensamento crítico e capacidade de aplicação em diferentes contextos de aprendizagem.",1
257,52,5,Homeostase,"Compreender, analisar e aplicar os conceitos relacionados a homeostase, desenvolvendo interpretação, pensamento crítico e capacidade de aplicação em diferentes contextos de aprendizagem.",1
258,53,1,Teorias evolutivas,"Compreender, analisar e aplicar os conceitos relacionados a teorias evolutivas, desenvolvendo interpretação, pensamento crítico e capacidade de aplicação em diferentes contextos de aprendizagem.",1
259,53,2,Seleção natural,"Compreender, analisar e aplicar os conceitos relacionados a seleção natural, desenvolvendo interpretação, pensamento crítico e capacidade de aplicação em diferentes contextos de aprendizagem.",1
260,53,3,Evidências da evolução,"Compreender, analisar e aplicar os conceitos relacionados a evidências da evolução, desenvolvendo interpretação, pensamento crítico e capacidade de aplicação em diferentes contextos de aprendizagem.",1
261,53,4,"Biotecnologia (transgênicos, DNA)","Compreender, analisar e aplicar os conceitos relacionados a biotecnologia (transgênicos, dna), desenvolvendo interpretação, pensamento crítico e capacidade de aplicação em diferentes contextos de aprendizagem.",1
262,53,5,Bioética,"Compreender, analisar e aplicar os conceitos relacionados a bioética, desenvolvendo interpretação, pensamento crítico e capacidade de aplicação em diferentes contextos de aprendizagem.",1
263,54,1,"Questões integradas (ecologia, genética, saúde)","Compreender, analisar e aplicar os conceitos relacionados a questões integradas (ecologia, genética, saúde), desenvolvendo interpretação, pensamento crítico e capacidade de aplicação em diferentes contextos de aprendizagem.",1
264,54,2,Estudos de caso e interpretação de dados,"Compreender, analisar e aplicar os conceitos relacionados a estudos de caso e interpretação de dados, desenvolvendo interpretação, pensamento crítico e capacidade de aplicação em diferentes contextos de aprendizagem.",1
265,54,3,Simulados e análise de erros,"Compreender, analisar e aplicar os conceitos relacionados a simulados e análise de erros, desenvolvendo interpretação, pensamento crítico e capacidade de aplicação em diferentes contextos de aprendizagem.",1
266,55,1,Pré-história e Antiguidade Oriental (noções),"Compreender, analisar e aplicar os conceitos relacionados a pré-história e antiguidade oriental (noções), desenvolvendo interpretação, pensamento crítico e capacidade de aplicação em diferentes contextos de aprendizagem.",1
267,55,2,Grécia: política e cultura,"Compreender, analisar e aplicar os conceitos relacionados a grécia: política e cultura, desenvolvendo interpretação, pensamento crítico e capacidade de aplicação em diferentes contextos de aprendizagem.",1
268,55,3,Roma: república e império,"Compreender, analisar e aplicar os conceitos relacionados a roma: república e império, desenvolvendo interpretação, pensamento crítico e capacidade de aplicação em diferentes contextos de aprendizagem.",1
269,55,4,Feudalismo,"Compreender, analisar e aplicar os conceitos relacionados a feudalismo, desenvolvendo interpretação, pensamento crítico e capacidade de aplicação em diferentes contextos de aprendizagem.",1
270,55,5,Igreja e cultura medieval,"Compreender, analisar e aplicar os conceitos relacionados a igreja e cultura medieval, desenvolvendo interpretação, pensamento crítico e capacidade de aplicação em diferentes contextos de aprendizagem.",1
271,55,6,Crises do século XIV,"Compreender, analisar e aplicar os conceitos relacionados a crises do século xiv, desenvolvendo interpretação, pensamento crítico e capacidade de aplicação em diferentes contextos de aprendizagem.",1
272,56,1,Renascimento e Humanismo,"Compreender, analisar e aplicar os conceitos relacionados a renascimento e humanismo, desenvolvendo interpretação, pensamento crítico e capacidade de aplicação em diferentes contextos de aprendizagem.",1
273,56,2,Reformas Religiosas,"Compreender, analisar e aplicar os conceitos relacionados a reformas religiosas, desenvolvendo interpretação, pensamento crítico e capacidade de aplicação em diferentes contextos de aprendizagem.",1
274,56,3,Expansão marítima europeia,"Compreender, analisar e aplicar os conceitos relacionados a expansão marítima europeia, desenvolvendo interpretação, pensamento crítico e capacidade de aplicação em diferentes contextos de aprendizagem.",1
275,56,4,Colonização da América,"Compreender, analisar e aplicar os conceitos relacionados a colonização da américa, desenvolvendo interpretação, pensamento crítico e capacidade de aplicação em diferentes contextos de aprendizagem.",1
276,56,5,Mercantilismo e absolutismo,"Compreender, analisar e aplicar os conceitos relacionados a mercantilismo e absolutismo, desenvolvendo interpretação, pensamento crítico e capacidade de aplicação em diferentes contextos de aprendizagem.",1
277,57,1,Iluminismo,"Compreender, analisar e aplicar os conceitos relacionados a iluminismo, desenvolvendo interpretação, pensamento crítico e capacidade de aplicação em diferentes contextos de aprendizagem.",1
278,57,2,Revolução Industrial,"Compreender, analisar e aplicar os conceitos relacionados a revolução industrial, desenvolvendo interpretação, pensamento crítico e capacidade de aplicação em diferentes contextos de aprendizagem.",1
279,57,3,Revoluções Inglesas,"Compreender, analisar e aplicar os conceitos relacionados a revoluções inglesas, desenvolvendo interpretação, pensamento crítico e capacidade de aplicação em diferentes contextos de aprendizagem.",1
280,57,4,Revolução Francesa,"Compreender, analisar e aplicar os conceitos relacionados a revolução francesa, desenvolvendo interpretação, pensamento crítico e capacidade de aplicação em diferentes contextos de aprendizagem.",1
281,57,5,Independências nas Américas,"Compreender, analisar e aplicar os conceitos relacionados a independências nas américas, desenvolvendo interpretação, pensamento crítico e capacidade de aplicação em diferentes contextos de aprendizagem.",1
282,57,6,Imperialismo e neocolonialismo,"Compreender, analisar e aplicar os conceitos relacionados a imperialismo e neocolonialismo, desenvolvendo interpretação, pensamento crítico e capacidade de aplicação em diferentes contextos de aprendizagem.",1
283,58,1,Brasil Colônia: economia e sociedade,"Compreender, analisar e aplicar os conceitos relacionados a brasil colônia: economia e sociedade, desenvolvendo interpretação, pensamento crítico e capacidade de aplicação em diferentes contextos de aprendizagem.",1
284,58,2,Escravidão e resistências,"Compreender, analisar e aplicar os conceitos relacionados a escravidão e resistências, desenvolvendo interpretação, pensamento crítico e capacidade de aplicação em diferentes contextos de aprendizagem.",1
285,58,3,Independência,"Compreender, analisar e aplicar os conceitos relacionados a independência, desenvolvendo interpretação, pensamento crítico e capacidade de aplicação em diferentes contextos de aprendizagem.",1
286,58,4,Período Regencial,"Compreender, analisar e aplicar os conceitos relacionados a período regencial, desenvolvendo interpretação, pensamento crítico e capacidade de aplicação em diferentes contextos de aprendizagem.",1
287,58,5,Segundo Reinado,"Compreender, analisar e aplicar os conceitos relacionados a segundo reinado, desenvolvendo interpretação, pensamento crítico e capacidade de aplicação em diferentes contextos de aprendizagem.",1
288,58,6,Abolição e crise do Império,"Compreender, analisar e aplicar os conceitos relacionados a abolição e crise do império, desenvolvendo interpretação, pensamento crítico e capacidade de aplicação em diferentes contextos de aprendizagem.",1
289,59,1,República Velha,"Compreender, analisar e aplicar os conceitos relacionados a república velha, desenvolvendo interpretação, pensamento crítico e capacidade de aplicação em diferentes contextos de aprendizagem.",1
290,59,2,Era Vargas,"Compreender, analisar e aplicar os conceitos relacionados a era vargas, desenvolvendo interpretação, pensamento crítico e capacidade de aplicação em diferentes contextos de aprendizagem.",1
291,59,3,República Populista,"Compreender, analisar e aplicar os conceitos relacionados a república populista, desenvolvendo interpretação, pensamento crítico e capacidade de aplicação em diferentes contextos de aprendizagem.",1
292,59,4,Ditadura Militar,"Compreender, analisar e aplicar os conceitos relacionados a ditadura militar, desenvolvendo interpretação, pensamento crítico e capacidade de aplicação em diferentes contextos de aprendizagem.",1
293,59,5,Redemocratização,"Compreender, analisar e aplicar os conceitos relacionados a redemocratização, desenvolvendo interpretação, pensamento crítico e capacidade de aplicação em diferentes contextos de aprendizagem.",1
294,59,6,Brasil contemporâneo (noções),"Compreender, analisar e aplicar os conceitos relacionados a brasil contemporâneo (noções), desenvolvendo interpretação, pensamento crítico e capacidade de aplicação em diferentes contextos de aprendizagem.",1
295,60,1,1ª Guerra Mundial,"Compreender, analisar e aplicar os conceitos relacionados a 1ª guerra mundial, desenvolvendo interpretação, pensamento crítico e capacidade de aplicação em diferentes contextos de aprendizagem.",1
296,60,2,2ª Guerra Mundial,"Compreender, analisar e aplicar os conceitos relacionados a 2ª guerra mundial, desenvolvendo interpretação, pensamento crítico e capacidade de aplicação em diferentes contextos de aprendizagem.",1
297,60,3,Guerra Fria,"Compreender, analisar e aplicar os conceitos relacionados a guerra fria, desenvolvendo interpretação, pensamento crítico e capacidade de aplicação em diferentes contextos de aprendizagem.",1
298,60,4,Conflitos contemporâneos (noções),"Compreender, analisar e aplicar os conceitos relacionados a conflitos contemporâneos (noções), desenvolvendo interpretação, pensamento crítico e capacidade de aplicação em diferentes contextos de aprendizagem.",1
299,60,5,Direitos humanos e cidadania,"Compreender, analisar e aplicar os conceitos relacionados a direitos humanos e cidadania, desenvolvendo interpretação, pensamento crítico e capacidade de aplicação em diferentes contextos de aprendizagem.",1
300,61,1,Cartografia: escalas e projeções,"Compreender, analisar e aplicar os conceitos relacionados a cartografia: escalas e projeções, desenvolvendo interpretação, pensamento crítico e capacidade de aplicação em diferentes contextos de aprendizagem.",1
301,61,2,Coordenadas geográficas,"Compreender, analisar e aplicar os conceitos relacionados a coordenadas geográficas, desenvolvendo interpretação, pensamento crítico e capacidade de aplicação em diferentes contextos de aprendizagem.",1
302,61,3,Relevo e geologia (noções),"Compreender, analisar e aplicar os conceitos relacionados a relevo e geologia (noções), desenvolvendo interpretação, pensamento crítico e capacidade de aplicação em diferentes contextos de aprendizagem.",1
303,61,4,Clima e vegetação,"Compreender, analisar e aplicar os conceitos relacionados a clima e vegetação, desenvolvendo interpretação, pensamento crítico e capacidade de aplicação em diferentes contextos de aprendizagem.",1
304,61,5,Hidrografia,"Compreender, analisar e aplicar os conceitos relacionados a hidrografia, desenvolvendo interpretação, pensamento crítico e capacidade de aplicação em diferentes contextos de aprendizagem.",1
305,61,6,Impactos ambientais,"Compreender, analisar e aplicar os conceitos relacionados a impactos ambientais, desenvolvendo interpretação, pensamento crítico e capacidade de aplicação em diferentes contextos de aprendizagem.",1
306,62,1,Dinâmica populacional,"Compreender, analisar e aplicar os conceitos relacionados a dinâmica populacional, desenvolvendo interpretação, pensamento crítico e capacidade de aplicação em diferentes contextos de aprendizagem.",1
307,62,2,Migrações,"Compreender, analisar e aplicar os conceitos relacionados a migrações, desenvolvendo interpretação, pensamento crítico e capacidade de aplicação em diferentes contextos de aprendizagem.",1
308,62,3,Urbanização e problemas urbanos,"Compreender, analisar e aplicar os conceitos relacionados a urbanização e problemas urbanos, desenvolvendo interpretação, pensamento crítico e capacidade de aplicação em diferentes contextos de aprendizagem.",1
309,62,4,Rede urbana,"Compreender, analisar e aplicar os conceitos relacionados a rede urbana, desenvolvendo interpretação, pensamento crítico e capacidade de aplicação em diferentes contextos de aprendizagem.",1
310,62,5,Trabalho e renda (noções),"Compreender, analisar e aplicar os conceitos relacionados a trabalho e renda (noções), desenvolvendo interpretação, pensamento crítico e capacidade de aplicação em diferentes contextos de aprendizagem.",1
311,63,1,Industrialização,"Compreender, analisar e aplicar os conceitos relacionados a industrialização, desenvolvendo interpretação, pensamento crítico e capacidade de aplicação em diferentes contextos de aprendizagem.",1
312,63,2,Setores da economia,"Compreender, analisar e aplicar os conceitos relacionados a setores da economia, desenvolvendo interpretação, pensamento crítico e capacidade de aplicação em diferentes contextos de aprendizagem.",1
313,63,3,Comércio e fluxos,"Compreender, analisar e aplicar os conceitos relacionados a comércio e fluxos, desenvolvendo interpretação, pensamento crítico e capacidade de aplicação em diferentes contextos de aprendizagem.",1
314,63,4,Globalização e blocos econômicos,"Compreender, analisar e aplicar os conceitos relacionados a globalização e blocos econômicos, desenvolvendo interpretação, pensamento crítico e capacidade de aplicação em diferentes contextos de aprendizagem.",1
315,63,5,Tecnologia e território,"Compreender, analisar e aplicar os conceitos relacionados a tecnologia e território, desenvolvendo interpretação, pensamento crítico e capacidade de aplicação em diferentes contextos de aprendizagem.",1
316,64,1,Formação do território brasileiro,"Compreender, analisar e aplicar os conceitos relacionados a formação do território brasileiro, desenvolvendo interpretação, pensamento crítico e capacidade de aplicação em diferentes contextos de aprendizagem.",1
317,64,2,Regionalizações (IBGE),"Compreender, analisar e aplicar os conceitos relacionados a regionalizações (ibge), desenvolvendo interpretação, pensamento crítico e capacidade de aplicação em diferentes contextos de aprendizagem.",1
318,64,3,Agropecuária,"Compreender, analisar e aplicar os conceitos relacionados a agropecuária, desenvolvendo interpretação, pensamento crítico e capacidade de aplicação em diferentes contextos de aprendizagem.",1
319,64,4,Indústria e serviços,"Compreender, analisar e aplicar os conceitos relacionados a indústria e serviços, desenvolvendo interpretação, pensamento crítico e capacidade de aplicação em diferentes contextos de aprendizagem.",1
320,64,5,Energia e infraestrutura,"Compreender, analisar e aplicar os conceitos relacionados a energia e infraestrutura, desenvolvendo interpretação, pensamento crítico e capacidade de aplicação em diferentes contextos de aprendizagem.",1
321,64,6,Questões ambientais,"Compreender, analisar e aplicar os conceitos relacionados a questões ambientais, desenvolvendo interpretação, pensamento crítico e capacidade de aplicação em diferentes contextos de aprendizagem.",1
322,65,1,"Estado, nação e fronteiras","Compreender, analisar e aplicar os conceitos relacionados a estado, nação e fronteiras, desenvolvendo interpretação, pensamento crítico e capacidade de aplicação em diferentes contextos de aprendizagem.",1
323,65,2,Geopolítica mundial (noções),"Compreender, analisar e aplicar os conceitos relacionados a geopolítica mundial (noções), desenvolvendo interpretação, pensamento crítico e capacidade de aplicação em diferentes contextos de aprendizagem.",1
324,65,3,Conflitos e tensões,"Compreender, analisar e aplicar os conceitos relacionados a conflitos e tensões, desenvolvendo interpretação, pensamento crítico e capacidade de aplicação em diferentes contextos de aprendizagem.",1
325,65,4,Recursos naturais e energia,"Compreender, analisar e aplicar os conceitos relacionados a recursos naturais e energia, desenvolvendo interpretação, pensamento crítico e capacidade de aplicação em diferentes contextos de aprendizagem.",1
326,65,5,Mudanças climáticas e riscos,"Compreender, analisar e aplicar os conceitos relacionados a mudanças climáticas e riscos, desenvolvendo interpretação, pensamento crítico e capacidade de aplicação em diferentes contextos de aprendizagem.",1
327,66,1,Leitura de mapas e gráficos,"Compreender, analisar e aplicar os conceitos relacionados a leitura de mapas e gráficos, desenvolvendo interpretação, pensamento crítico e capacidade de aplicação em diferentes contextos de aprendizagem.",1
328,66,2,Estudos de caso do Brasil,"Compreender, analisar e aplicar os conceitos relacionados a estudos de caso do brasil, desenvolvendo interpretação, pensamento crítico e capacidade de aplicação em diferentes contextos de aprendizagem.",1
329,66,3,Simulados e análise de erros,"Compreender, analisar e aplicar os conceitos relacionados a simulados e análise de erros, desenvolvendo interpretação, pensamento crítico e capacidade de aplicação em diferentes contextos de aprendizagem.",1
330,67,1,O que é filosofia?,"Compreender, analisar e aplicar os conceitos relacionados a o que é filosofia?, desenvolvendo interpretação, pensamento crítico e capacidade de aplicação em diferentes contextos de aprendizagem.",1
331,67,2,Mito e razão,"Compreender, analisar e aplicar os conceitos relacionados a mito e razão, desenvolvendo interpretação, pensamento crítico e capacidade de aplicação em diferentes contextos de aprendizagem.",1
332,67,3,Conhecimento e verdade (noções),"Compreender, analisar e aplicar os conceitos relacionados a conhecimento e verdade (noções), desenvolvendo interpretação, pensamento crítico e capacidade de aplicação em diferentes contextos de aprendizagem.",1
333,67,4,Argumentação e lógica básica,"Compreender, analisar e aplicar os conceitos relacionados a argumentação e lógica básica, desenvolvendo interpretação, pensamento crítico e capacidade de aplicação em diferentes contextos de aprendizagem.",1
334,68,1,Sócrates e ética,"Compreender, analisar e aplicar os conceitos relacionados a sócrates e ética, desenvolvendo interpretação, pensamento crítico e capacidade de aplicação em diferentes contextos de aprendizagem.",1
335,68,2,Platão,"Compreender, analisar e aplicar os conceitos relacionados a platão, desenvolvendo interpretação, pensamento crítico e capacidade de aplicação em diferentes contextos de aprendizagem.",1
336,68,3,Aristóteles,"Compreender, analisar e aplicar os conceitos relacionados a aristóteles, desenvolvendo interpretação, pensamento crítico e capacidade de aplicação em diferentes contextos de aprendizagem.",1
337,68,4,Helenismo (noções),"Compreender, analisar e aplicar os conceitos relacionados a helenismo (noções), desenvolvendo interpretação, pensamento crítico e capacidade de aplicação em diferentes contextos de aprendizagem.",1
338,69,1,Racionalismo e empirismo,"Compreender, analisar e aplicar os conceitos relacionados a racionalismo e empirismo, desenvolvendo interpretação, pensamento crítico e capacidade de aplicação em diferentes contextos de aprendizagem.",1
339,69,2,"Contratualismo (Hobbes, Locke, Rousseau)","Compreender, analisar e aplicar os conceitos relacionados a contratualismo (hobbes, locke, rousseau), desenvolvendo interpretação, pensamento crítico e capacidade de aplicação em diferentes contextos de aprendizagem.",1
340,69,3,Iluminismo,"Compreender, analisar e aplicar os conceitos relacionados a iluminismo, desenvolvendo interpretação, pensamento crítico e capacidade de aplicação em diferentes contextos de aprendizagem.",1
341,69,4,Kant (noções),"Compreender, analisar e aplicar os conceitos relacionados a kant (noções), desenvolvendo interpretação, pensamento crítico e capacidade de aplicação em diferentes contextos de aprendizagem.",1
342,70,1,Ética: fundamentos,"Compreender, analisar e aplicar os conceitos relacionados a ética: fundamentos, desenvolvendo interpretação, pensamento crítico e capacidade de aplicação em diferentes contextos de aprendizagem.",1
343,70,2,Justiça e cidadania,"Compreender, analisar e aplicar os conceitos relacionados a justiça e cidadania, desenvolvendo interpretação, pensamento crítico e capacidade de aplicação em diferentes contextos de aprendizagem.",1
344,70,3,Democracia e participação,"Compreender, analisar e aplicar os conceitos relacionados a democracia e participação, desenvolvendo interpretação, pensamento crítico e capacidade de aplicação em diferentes contextos de aprendizagem.",1
345,70,4,Direitos humanos,"Compreender, analisar e aplicar os conceitos relacionados a direitos humanos, desenvolvendo interpretação, pensamento crítico e capacidade de aplicação em diferentes contextos de aprendizagem.",1
346,71,1,Marx (noções),"Compreender, analisar e aplicar os conceitos relacionados a marx (noções), desenvolvendo interpretação, pensamento crítico e capacidade de aplicação em diferentes contextos de aprendizagem.",1
347,71,2,Nietzsche (noções),"Compreender, analisar e aplicar os conceitos relacionados a nietzsche (noções), desenvolvendo interpretação, pensamento crítico e capacidade de aplicação em diferentes contextos de aprendizagem.",1
348,71,3,Existencialismo (noções),"Compreender, analisar e aplicar os conceitos relacionados a existencialismo (noções), desenvolvendo interpretação, pensamento crítico e capacidade de aplicação em diferentes contextos de aprendizagem.",1
349,71,4,Escola de Frankfurt (noções),"Compreender, analisar e aplicar os conceitos relacionados a escola de frankfurt (noções), desenvolvendo interpretação, pensamento crítico e capacidade de aplicação em diferentes contextos de aprendizagem.",1
350,72,1,Debates e seminários,"Compreender, analisar e aplicar os conceitos relacionados a debates e seminários, desenvolvendo interpretação, pensamento crítico e capacidade de aplicação em diferentes contextos de aprendizagem.",1
351,72,2,Produção de textos argumentativos,"Compreender, analisar e aplicar os conceitos relacionados a produção de textos argumentativos, desenvolvendo interpretação, pensamento crítico e capacidade de aplicação em diferentes contextos de aprendizagem.",1
352,72,3,Questões ENEM e atualidades,"Compreender, analisar e aplicar os conceitos relacionados a questões enem e atualidades, desenvolvendo interpretação, pensamento crítico e capacidade de aplicação em diferentes contextos de aprendizagem.",1
353,73,1,Sociedade e cultura,"Compreender, analisar e aplicar os conceitos relacionados a sociedade e cultura, desenvolvendo interpretação, pensamento crítico e capacidade de aplicação em diferentes contextos de aprendizagem.",1
354,73,2,Socialização,"Compreender, analisar e aplicar os conceitos relacionados a socialização, desenvolvendo interpretação, pensamento crítico e capacidade de aplicação em diferentes contextos de aprendizagem.",1
355,73,3,Instituições sociais,"Compreender, analisar e aplicar os conceitos relacionados a instituições sociais, desenvolvendo interpretação, pensamento crítico e capacidade de aplicação em diferentes contextos de aprendizagem.",1
356,73,4,Desigualdades (noções),"Compreender, analisar e aplicar os conceitos relacionados a desigualdades (noções), desenvolvendo interpretação, pensamento crítico e capacidade de aplicação em diferentes contextos de aprendizagem.",1
357,74,1,Cultura e diversidade,"Compreender, analisar e aplicar os conceitos relacionados a cultura e diversidade, desenvolvendo interpretação, pensamento crítico e capacidade de aplicação em diferentes contextos de aprendizagem.",1
358,74,2,Etnocentrismo e relativismo,"Compreender, analisar e aplicar os conceitos relacionados a etnocentrismo e relativismo, desenvolvendo interpretação, pensamento crítico e capacidade de aplicação em diferentes contextos de aprendizagem.",1
359,74,3,Mídia e consumo,"Compreender, analisar e aplicar os conceitos relacionados a mídia e consumo, desenvolvendo interpretação, pensamento crítico e capacidade de aplicação em diferentes contextos de aprendizagem.",1
360,74,4,Juventudes (noções),"Compreender, analisar e aplicar os conceitos relacionados a juventudes (noções), desenvolvendo interpretação, pensamento crítico e capacidade de aplicação em diferentes contextos de aprendizagem.",1
361,75,1,Trabalho e capitalismo,"Compreender, analisar e aplicar os conceitos relacionados a trabalho e capitalismo, desenvolvendo interpretação, pensamento crítico e capacidade de aplicação em diferentes contextos de aprendizagem.",1
362,75,2,Classe social,"Compreender, analisar e aplicar os conceitos relacionados a classe social, desenvolvendo interpretação, pensamento crítico e capacidade de aplicação em diferentes contextos de aprendizagem.",1
363,75,3,Desigualdade e pobreza,"Compreender, analisar e aplicar os conceitos relacionados a desigualdade e pobreza, desenvolvendo interpretação, pensamento crítico e capacidade de aplicação em diferentes contextos de aprendizagem.",1
364,75,4,Globalização (noções),"Compreender, analisar e aplicar os conceitos relacionados a globalização (noções), desenvolvendo interpretação, pensamento crítico e capacidade de aplicação em diferentes contextos de aprendizagem.",1
365,76,1,Estado e poder,"Compreender, analisar e aplicar os conceitos relacionados a estado e poder, desenvolvendo interpretação, pensamento crítico e capacidade de aplicação em diferentes contextos de aprendizagem.",1
366,76,2,Democracia e cidadania,"Compreender, analisar e aplicar os conceitos relacionados a democracia e cidadania, desenvolvendo interpretação, pensamento crítico e capacidade de aplicação em diferentes contextos de aprendizagem.",1
367,76,3,Movimentos sociais,"Compreender, analisar e aplicar os conceitos relacionados a movimentos sociais, desenvolvendo interpretação, pensamento crítico e capacidade de aplicação em diferentes contextos de aprendizagem.",1
368,76,4,Políticas públicas (noções),"Compreender, analisar e aplicar os conceitos relacionados a políticas públicas (noções), desenvolvendo interpretação, pensamento crítico e capacidade de aplicação em diferentes contextos de aprendizagem.",1
369,77,1,Gênero e sexualidade (noções),"Compreender, analisar e aplicar os conceitos relacionados a gênero e sexualidade (noções), desenvolvendo interpretação, pensamento crítico e capacidade de aplicação em diferentes contextos de aprendizagem.",1
370,77,2,Racismo e direitos,"Compreender, analisar e aplicar os conceitos relacionados a racismo e direitos, desenvolvendo interpretação, pensamento crítico e capacidade de aplicação em diferentes contextos de aprendizagem.",1
371,77,3,Violência e segurança,"Compreender, analisar e aplicar os conceitos relacionados a violência e segurança, desenvolvendo interpretação, pensamento crítico e capacidade de aplicação em diferentes contextos de aprendizagem.",1
372,77,4,Tecnologia e redes,"Compreender, analisar e aplicar os conceitos relacionados a tecnologia e redes, desenvolvendo interpretação, pensamento crítico e capacidade de aplicação em diferentes contextos de aprendizagem.",1
373,77,5,Sustentabilidade e sociedade,"Compreender, analisar e aplicar os conceitos relacionados a sustentabilidade e sociedade, desenvolvendo interpretação, pensamento crítico e capacidade de aplicação em diferentes contextos de aprendizagem.",1
374,78,1,Estudos de caso,"Compreender, analisar e aplicar os conceitos relacionados a estudos de caso, desenvolvendo interpretação, pensamento crítico e capacidade de aplicação em diferentes contextos de aprendizagem.",1
375,78,2,Debates e produção escrita,"Compreender, analisar e aplicar os conceitos relacionados a debates e produção escrita, desenvolvendo interpretação, pensamento crítico e capacidade de aplicação em diferentes contextos de aprendizagem.",1
376,78,3,Questões ENEM,"Compreender, analisar e aplicar os conceitos relacionados a questões enem, desenvolvendo interpretação, pensamento crítico e capacidade de aplicação em diferentes contextos de aprendizagem.",1
