id,code,title,description,area,subject_id,grade,difficulty,tags,source,active
1,EM13CNT310,,"Investigar e analisar os efeitos de programas de infraestrutura e demais serviços básicos (saneamento, energia elétrica, transporte, telecomunicações, cobertura vacinal, atendimento primário à saúde e produção de alimentos, entre outros) e identificar necessidades locais e/ou regionais em relação a esses serviços, a fim de avaliar e/ou promover ações que contribuam para a melhoria na qualidade de vida e nas condições de saúde da população.",Linguagens e suas Tecnologias,,EM,,linguagens,cientificar1992_api,True
2,EM13LGG101,,"Compreender e analisar processos de produção e circulação de discursos, nas diferentes linguagens, para fazer escolhas fundamentadas em função de interesses pessoais e coletivos.",Linguagens e suas Tecnologias,,EM,,linguagens,cientificar1992_api,True
3,EM13LGG102,,"Analisar visões de mundo, conflitos de interesse, preconceitos e ideologias presentes nos discursos veiculados nas diferentes mídias, ampliando suas possibilidades de explicação, interpretação e intervenção crítica da/na realidade.",Linguagens e suas Tecnologias,,EM,,linguagens,cientificar1992_api,True
4,EM13LGG103,,"Analisar o funcionamento das linguagens, para interpretar e produzir criticamente discursos em textos de diversas semioses (visuais, verbais, sonoras, gestuais).",Linguagens e suas Tecnologias,,EM,,linguagens,cientificar1992_api,True
5,EM13LGG104,,"Utilizar as diferentes linguagens, levando em conta seus funcionamentos, para a compreensão e produção de textos e discursos em diversos campos de atuação social.",Linguagens e suas Tecnologias,,EM,,linguagens,cientificar1992_api,True
6,EM13LGG201,,"Utilizar as diversas linguagens (artísticas, corporais e verbais) em diferentes contextos, valorizando-as como fenômeno social, cultural, histórico, variável, heterogêneo e sensível aos contextos de uso.",Linguagens e suas Tecnologias,,EM,,linguagens,cientificar1992_api,True
7,EM13LGG202,,"Analisar interesses, relações de poder e perspectivas de mundo nos discursos das diversas práticas de linguagem (artísticas, corporais e verbais), compreendendo criticamente o modo como circulam, constituem-se e (re)produzem significação e ideologias.",Linguagens e suas Tecnologias,,EM,,linguagens,cientificar1992_api,True
8,EM13LGG203,,"Analisar os diálogos e os processos de disputa por legitimidade nas práticas de linguagem e em suas produções (artísticas, corporais e verbais).",Linguagens e suas Tecnologias,,EM,,linguagens,cientificar1992_api,True
9,EM13LGG204,,"Dialogar e produzir entendimento mútuo, nas diversas linguagens (artísticas, corporais e verbais), com vistas ao interesse comum pautado em princípios e valores de equidade assentados na democracia e nos Direitos Humanos.",Linguagens e suas Tecnologias,,EM,,linguagens,cientificar1992_api,True
10,EM13LGG301,,"Participar de processos de produção individual e colaborativa em diferentes linguagens (artísticas, corporais e verbais), levando em conta suas formas e seus funcionamentos, para produzir sentidos em diferentes contextos.",Linguagens e suas Tecnologias,,EM,,linguagens,cientificar1992_api,True
11,EM13LGG302,,"Posicionar-se criticamente diante de diversas visões de mundo presentes nos discursos em diferentes linguagens, levando em conta seus contextos de produção e de circulação.",Linguagens e suas Tecnologias,,EM,,linguagens,cientificar1992_api,True
12,EM13LGG303,,"Debater questões polêmicas de relevância social, analisando diferentes argumentos e opiniões, para formular, negociar e sustentar posições, frente à análise de perspectivas distintas.",Linguagens e suas Tecnologias,,EM,,linguagens,cientificar1992_api,True
13,EM13LGG304,,"Formular propostas, intervir e tomar decisões que levem em conta o bem comum e os Direitos Humanos, a consciência socioambiental e o consumo responsável em âmbito local, regional e global.",Linguagens e suas Tecnologias,,EM,,linguagens,cientificar1992_api,True
14,EM13LGG305,,"Mapear e criar, por meio de práticas de linguagem, possibilidades de atuação social, política, artística e cultural para enfrentar desafios contemporâneos, discutindo princípios e objetivos dessa atuação de maneira crítica, criativa, solidária e ética.",Linguagens e suas Tecnologias,,EM,,linguagens,cientificar1992_api,True
15,EM13LGG401,,"Analisar criticamente textos de modo a compreender e caracterizar as línguas como fenômeno (geo)político, histórico, social, cultural, variável, heterogêneo e sensível aos contextos de uso.",Linguagens e suas Tecnologias,,EM,,linguagens,cientificar1992_api,True
16,EM13LGG402,,"Empregar, nas interações sociais, a variedade e o estilo de língua adequados à situação comunicativa, ao(s) interlocutor(es) e ao gênero do discurso, respeitando os usos das línguas por esse(s) interlocutor(es) e sem preconceito linguístico.",Linguagens e suas Tecnologias,,EM,,linguagens,cientificar1992_api,True
17,EM13LGG403,,"Fazer uso do inglês como língua de comunicação global, levando em conta a multiplicidade e variedade de usos, usuários e funções dessa língua no mundo contemporâneo.",Linguagens e suas Tecnologias,,EM,,linguagens,cientificar1992_api,True
18,EM13LGG501,,"Selecionar e utilizar movimentos corporais de forma consciente e intencional para interagir socialmente em práticas corporais, de modo a estabelecer relações construtivas, empáticas, éticas e de respeito às diferenças.",Linguagens e suas Tecnologias,,EM,,linguagens,cientificar1992_api,True
19,EM13LGG502,,"Analisar criticamente preconceitos, estereótipos e relações de poder presentes nas práticas corporais, adotando posicionamento contrário a qualquer manifestação de injustiça e desrespeito a direitos humanos e valores democráticos.",Linguagens e suas Tecnologias,,EM,,linguagens,cientificar1992_api,True
20,EM13LGG503,,"Vivenciar práticas corporais e significá-las em seu projeto de vida, como forma de autoconhecimento, autocuidado com o corpo e com a saúde, socialização e entretenimento.",Linguagens e suas Tecnologias,,EM,,linguagens,cientificar1992_api,True
21,EM13LGG601,,"Apropriar-se do patrimônio artístico de diferentes tempos e lugares, compreendendo a sua diversidade, bem como os processos de legitimação das manifestações artísticas na sociedade, desenvolvendo visão crítica e histórica.",Linguagens e suas Tecnologias,,EM,,linguagens,cientificar1992_api,True
22,EM13LGG602,,"Fruir e apreciar esteticamente diversas manifestações artísticas e culturais, das locais às mundiais, assim como delas participar, de modo a aguçar continuamente a sensibilidade, a imaginação e a criatividade.",Linguagens e suas Tecnologias,,EM,,linguagens,cientificar1992_api,True
23,EM13LGG603,,"Expressar-se e atuar em processos de criação autorais individuais e coletivos nas diferentes linguagens artísticas (artes visuais, audiovisual, dança, música e teatro) e nas intersecções entre elas, recorrendo a referências estéticas e culturais, conhecimentos de naturezas diversas (artísticos, históricos, sociais e políticos) e experiências individuais e coletivas.",Linguagens e suas Tecnologias,,EM,,linguagens,cientificar1992_api,True
24,EM13LGG604,,"Relacionar as práticas artísticas às diferentes dimensões da vida social, cultural, política e econômica e identificar o processo de construção histórica dessas práticas.",Linguagens e suas Tecnologias,,EM,,linguagens,cientificar1992_api,True
25,EM13LGG701,,"Explorar tecnologias digitais da informação e comunicação (TDIC), compreendendo seus princípios e funcionalidades, e utilizá-las de modo ético, criativo, responsável e adequado a práticas de linguagem em diferentes contextos.",Linguagens e suas Tecnologias,,EM,,linguagens,cientificar1992_api,True
26,EM13LGG702,,"Avaliar o impacto das tecnologias digitais da informação e comunicação (TDIC) na formação do sujeito e em suas práticas sociais, para fazer uso crítico dessa mídia em práticas de seleção, compreensão e produção de discursos em ambiente digital.",Linguagens e suas Tecnologias,,EM,,linguagens,cientificar1992_api,True
27,EM13LGG703,,"Utilizar diferentes linguagens, mídias e ferramentas digitais em processos de produção coletiva, colaborativa e projetos autorais em ambientes digitais.",Linguagens e suas Tecnologias,,EM,,linguagens,cientificar1992_api,True
28,EM13LGG704,,"Apropriar-se criticamente de processos de pesquisa e busca de informação, por meio de ferramentas e dos novos formatos de produção e distribuição do conhecimento na cultura de rede.",Linguagens e suas Tecnologias,,EM,,linguagens,cientificar1992_api,True
29,EM13MAT101,,"Interpretar criticamente situações econômicas, sociais e fatos relativos às Ciências da Natureza que envolvam a variação de grandezas, pela análise dos gráficos das funções representadas e das taxas de variação, com ou sem apoio de tecnologias digitais.",Matemática e suas Tecnologias,7.0,EM,,matematica_medio,cientificar1992_api,True
30,EM13MAT102,,"Analisar tabelas, gráficos e amostras de pesquisas estatísticas apresentadas em relatórios divulgados por diferentes meios de comunicação, identificando, quando for o caso, inadequações que possam induzir a erros de interpretação, como escalas e amostras não apropriadas.",Matemática e suas Tecnologias,7.0,EM,,matematica_medio,cientificar1992_api,True
31,EM13MAT103,,"Interpretar e compreender textos científicos ou divulgados pelas mídias, que empregam unidades de medida de diferentes grandezas e as conversões possíveis entre elas, adotadas ou não pelo Sistema Internacional (SI), como as de armazenamento e velocidade de transferência de dados, ligadas aos avanços tecnológicos.",Matemática e suas Tecnologias,7.0,EM,,matematica_medio,cientificar1992_api,True
32,EM13MAT104,,"Interpretar taxas e índices de natureza socioeconômica (índice de desenvolvimento humano, taxas de inflação, entre outros), investigando os processos de cálculo desses números, para analisar criticamente a realidade e produzir argumentos.",Matemática e suas Tecnologias,7.0,EM,,matematica_medio,cientificar1992_api,True
33,EM13MAT105,,"Utilizar as noções de transformações isométricas (translação, reflexão, rotação e composições destas) e transformações homotéticas para construir figuras e analisar elementos da natureza e diferentes produções humanas (fractais, construções civis, obras de arte, entre outras).",Matemática e suas Tecnologias,7.0,EM,,matematica_medio,cientificar1992_api,True
34,EM13MAT106,,"Identificar situações da vida cotidiana nas quais seja necessário fazer escolhas levando-se em conta os riscos probabilísticos (usar este ou aquele método contraceptivo, optar por um tratamento médico em detrimento de outro etc.).",Matemática e suas Tecnologias,7.0,EM,,matematica_medio,cientificar1992_api,True
35,EM13MAT201,,"Propor ou participar de ações adequadas às demandas da região, preferencialmente para sua comunidade, envolvendo medições e cálculos de perímetro, de área, de volume, de capacidade ou de massa.",Matemática e suas Tecnologias,7.0,EM,,matematica_medio,cientificar1992_api,True
36,EM13MAT202,,"Planejar e executar pesquisa amostral sobre questões relevantes, usando dados coletados diretamente ou em diferentes fontes, e comunicar os resultados por meio de relatório contendo gráficos e interpretação das medidas de tendência central e das medidas de dispersão (amplitude e desvio padrão), utilizando ou não recursos tecnológicos.",Matemática e suas Tecnologias,7.0,EM,,matematica_medio,cientificar1992_api,True
37,EM13MAT203,,"Aplicar conceitos matemáticos no planejamento, na execução e na análise de ações envolvendo a utilização de aplicativos e a criação de planilhas (para o controle de orçamento familiar, simuladores de cálculos de juros simples e compostos, entre outros), para tomar decisões.",Matemática e suas Tecnologias,7.0,EM,,matematica_medio,cientificar1992_api,True
38,EM13MAT301,,"Resolver e elaborar problemas do cotidiano, da Matemática e de outras áreas do conhecimento, que envolvem equações lineares simultâneas, usando técnicas algébricas e gráficas, com ou sem apoio de tecnologias digitais.",Matemática e suas Tecnologias,7.0,EM,,matematica_medio,cientificar1992_api,True
39,EM13MAT302,,"Construir modelos empregando as funções polinomiais de 1º ou 2º graus, para resolver problemas em contextos diversos, com ou sem apoio de tecnologias digitais.",Matemática e suas Tecnologias,7.0,EM,,matematica_medio,cientificar1992_api,True
40,EM13MAT303,,"Interpretar e comparar situações que envolvam juros simples com as que envolvem juros compostos, por meio de representações gráficas ou análise de planilhas, destacando o crescimento linear ou exponencial de cada caso.",Matemática e suas Tecnologias,7.0,EM,,matematica_medio,cientificar1992_api,True
41,EM13MAT304,,"Resolver e elaborar problemas com funções exponenciais nos quais seja necessário compreender e interpretar a variação das grandezas envolvidas, em contextos como o da Matemática Financeira, entre outros.",Matemática e suas Tecnologias,7.0,EM,,matematica_medio,cientificar1992_api,True
42,EM13MAT305,,"Resolver e elaborar problemas com funções logarítmicas nos quais seja necessário compreender e interpretar a variação das grandezas envolvidas, em contextos como os de abalos sísmicos, pH, radioatividade, Matemática Financeira, entre outros.",Matemática e suas Tecnologias,7.0,EM,,matematica_medio,cientificar1992_api,True
43,EM13MAT306,,"Resolver e elaborar problemas em contextos que envolvem fenômenos periódicos reais (ondas sonoras, fases da lua, movimentos cíclicos, entre outros) e comparar suas representações com as funções seno e cosseno, no plano cartesiano, com ou sem apoio de aplicativos de álgebra e geometria.",Matemática e suas Tecnologias,7.0,EM,,matematica_medio,cientificar1992_api,True
44,EM13MAT307,,"Empregar diferentes métodos para a obtenção da medida da área de uma superfície (reconfigurações, aproximação por cortes etc.) e deduzir expressões de cálculo para aplicá-las em situações reais (como o remanejamento e a distribuição de plantações, entre outros), com ou sem apoio de tecnologias digitais.",Matemática e suas Tecnologias,7.0,EM,,matematica_medio,cientificar1992_api,True
45,EM13MAT308,,"Aplicar as relações métricas, incluindo as leis do seno e do cosseno ou as noções de congruência e semelhança, para resolver e elaborar problemas que envolvem triângulos, em variados contextos.",Matemática e suas Tecnologias,7.0,EM,,matematica_medio,cientificar1992_api,True
46,EM13MAT309,,"Resolver e elaborar problemas que envolvem o cálculo de áreas totais e de volumes de prismas, pirâmides e corpos redondos em situações reais (como o cálculo do gasto de material para revestimento ou pinturas de objetos cujos formatos sejam composições dos sólidos estudados), com ou sem apoio de tecnologias digitais.",Matemática e suas Tecnologias,7.0,EM,,matematica_medio,cientificar1992_api,True
47,EM13MAT310,,"Resolver e elaborar problemas de contagem envolvendo agrupamentos ordenáveis ou não de elementos, por meio dos princípios multiplicativo e aditivo, recorrendo a estratégias diversas, como o diagrama de árvore.",Matemática e suas Tecnologias,7.0,EM,,matematica_medio,cientificar1992_api,True
48,EM13MAT311,,"Identificar e descrever o espaço amostral de eventos aleatórios, realizando contagem das possibilidades, para resolver e elaborar problemas que envolvem o cálculo da probabilidade.",Matemática e suas Tecnologias,7.0,EM,,matematica_medio,cientificar1992_api,True
49,EM13MAT312,,Resolver e elaborar problemas que envolvem o cálculo de probabilidade de eventos em experimentos aleatórios sucessivos.,Matemática e suas Tecnologias,7.0,EM,,matematica_medio,cientificar1992_api,True
50,EM13MAT313,,"Utilizar, quando necessário, a notação científica para expressar uma medida, compreendendo as noções de algarismos significativos e algarismos duvidosos, e reconhecendo que toda medida é inevitavelmente acompanhada de erro.",Matemática e suas Tecnologias,7.0,EM,,matematica_medio,cientificar1992_api,True
51,EM13MAT314,,"Resolver e elaborar problemas que envolvem grandezas determinadas pela razão ou pelo produto de outras (velocidade, densidade demográfica, energia elétrica etc.).",Matemática e suas Tecnologias,7.0,EM,,matematica_medio,cientificar1992_api,True
52,EM13MAT315,,"Investigar e registrar, por meio de um fluxograma, quando possível, um algoritmo que resolve um problema.",Matemática e suas Tecnologias,7.0,EM,,matematica_medio,cientificar1992_api,True
53,EM13MAT316,,"Resolver e elaborar problemas, em diferentes contextos, que envolvem cálculo e interpretação das medidas de tendência central (média, moda, mediana) e das medidas de dispersão (amplitude, variância e desvio padrão).",Matemática e suas Tecnologias,7.0,EM,,matematica_medio,cientificar1992_api,True
54,EM13MAT401,,"Converter representações algébricas de funções polinomiais de 1º grau em representações geométricas no plano cartesiano, distinguindo os casos nos quais o comportamento é proporcional, recorrendo ou não a softwares ou aplicativos de álgebra e geometria dinâmica.",Matemática e suas Tecnologias,7.0,EM,,matematica_medio,cientificar1992_api,True
55,EM13MAT402,,"Converter representações algébricas de funções polinomiais de 2º grau em representações geométricas no plano cartesiano, distinguindo os casos nos quais uma variável for diretamente proporcional ao quadrado da outra, recorrendo ou não a softwares ou aplicativos de álgebra e geometria dinâmica, entre outros materiais.",Matemática e suas Tecnologias,7.0,EM,,matematica_medio,cientificar1992_api,True
56,EM13MAT403,,"Analisar e estabelecer relações, com ou sem apoio de tecnologias digitais, entre as representações de funções exponencial e logarítmica expressas em tabelas e em plano cartesiano, para identificar as características fundamentais (domínio, imagem, crescimento) de cada função.",Matemática e suas Tecnologias,7.0,EM,,matematica_medio,cientificar1992_api,True
57,EM13MAT404,,"Analisar funções definidas por uma ou mais sentenças (tabela do Imposto de Renda, contas de luz, água, gás etc.), em suas representações algébrica e gráfica, identificando domínios de validade, imagem, crescimento e decrescimento, e convertendo essas representações de uma para outra, com ou sem apoio de tecnologias digitais.",Matemática e suas Tecnologias,7.0,EM,,matematica_medio,cientificar1992_api,True
58,EM13MAT405,,Utilizar conceitos iniciais de uma linguagem de programação na implementação de algoritmos escritos em linguagem corrente e/ou matemática.,Matemática e suas Tecnologias,7.0,EM,,matematica_medio,cientificar1992_api,True
59,EM13MAT406,,"Construir e interpretar tabelas e gráficos de frequências com base em dados obtidos em pesquisas por amostras estatísticas, incluindo ou não o uso de softwares que inter-relacionem estatística, geometria e álgebra.",Matemática e suas Tecnologias,7.0,EM,,matematica_medio,cientificar1992_api,True
60,EM13MAT407,,"Interpretar e comparar conjuntos de dados estatísticos por meio de diferentes diagramas e gráficos (histograma, de caixa (box-plot), de ramos e folhas, entre outros), reconhecendo os mais eficientes para sua análise.",Matemática e suas Tecnologias,7.0,EM,,matematica_medio,cientificar1992_api,True
61,EM13MAT501,,"Investigar relações entre números expressos em tabelas para representá-los no plano cartesiano, identificando padrões e criando conjecturas para generalizar e expressar algebricamente essa generalização, reconhecendo quando essa representação é de função polinomial de 1º grau.",Matemática e suas Tecnologias,7.0,EM,,matematica_medio,cientificar1992_api,True
62,EM13MAT502,,"Investigar relações entre números expressos em tabelas para representá-los no plano cartesiano, identificando padrões e criando conjecturas para generalizar e expressar algebricamente essa generalização, reconhecendo quando essa representação é de função polinomial de 2º grau do tipo y = ax2.",Matemática e suas Tecnologias,7.0,EM,,matematica_medio,cientificar1992_api,True
63,EM13MAT503,,"Investigar pontos de máximo ou de mínimo de funções quadráticas em contextos envolvendo superfícies, Matemática Financeira ou Cinemática, entre outros, com apoio de tecnologias digitais.",Matemática e suas Tecnologias,7.0,EM,,matematica_medio,cientificar1992_api,True
64,EM13MAT504,,"Investigar processos de obtenção da medida do volume de prismas, pirâmides, cilindros e cones, incluindo o princípio de Cavalieri, para a obtenção das fórmulas de cálculo da medida do volume dessas figuras.",Matemática e suas Tecnologias,7.0,EM,,matematica_medio,cientificar1992_api,True
65,EM13MAT505,,"Resolver problemas sobre ladrilhamento do plano, com ou sem apoio de aplicativos de geometria dinâmica, para conjecturar a respeito dos tipos ou composição de polígonos que podem ser utilizados em ladrilhamento, generalizando padrões observados.",Matemática e suas Tecnologias,7.0,EM,,matematica_medio,cientificar1992_api,True
66,EM13MAT506,,"Representar graficamente a variação da área e do perímetro de um polígono regular quando os comprimentos de seus lados variam, analisando e classificando as funções envolvidas.",Matemática e suas Tecnologias,7.0,EM,,matematica_medio,cientificar1992_api,True
67,EM13MAT507,,"Identificar e associar progressões aritméticas (PA) a funções afins de domínios discretos, para análise de propriedades, dedução de algumas fórmulas e resolução de problemas.",Matemática e suas Tecnologias,7.0,EM,,matematica_medio,cientificar1992_api,True
68,EM13MAT508,,"Identificar e associar progressões geométricas (PG) a funções exponenciais de domínios discretos, para análise de propriedades, dedução de algumas fórmulas e resolução de problemas.",Matemática e suas Tecnologias,7.0,EM,,matematica_medio,cientificar1992_api,True
69,EM13MAT509,,"Investigar a deformação de ângulos e áreas provocada pelas diferentes projeções usadas em cartografia (como a cilíndrica e a cônica), com ou sem suporte de tecnologia digital.",Matemática e suas Tecnologias,7.0,EM,,matematica_medio,cientificar1992_api,True
70,EM13MAT510,,"Investigar conjuntos de dados relativos ao comportamento de duas variáveis numéricas, usando ou não tecnologias da informação, e, quando apropriado, levar em conta a variação e utilizar uma reta para descrever a relação observada.",Matemática e suas Tecnologias,7.0,EM,,matematica_medio,cientificar1992_api,True
71,EM13MAT511,,"Reconhecer a existência de diferentes tipos de espaços amostrais, discretos ou não, e de eventos, equiprováveis ou não, e investigar implicações no cálculo de probabilidades.",Matemática e suas Tecnologias,7.0,EM,,matematica_medio,cientificar1992_api,True
72,EM13CHS606,,"Analisar as características socioeconômicas da sociedade brasileira - com base na análise de documentos (dados, tabelas, mapas etc.) de diferentes fontes - e propor medidas para enfrentar os problemas identificados e construir uma sociedade mais próspera, justa e inclusiva, que valorize o protagonismo de seus cidadãos e promova o autoconhecimento, a autoestima, a autoconfiança e a empatia.",Ciências da Natureza e suas Tecnologias,,EM,,ciencias_natureza,cientificar1992_api,True
73,EM13CNT101,,"Analisar e representar, com ou sem o uso de dispositivos e de aplicativos digitais específicos, as transformações e conservações em sistemas que envolvam quantidade de matéria, de energia e de movimento para realizar previsões sobre seus comportamentos em situações cotidianas e em processos produtivos que priorizem o desenvolvimento sustentável, o uso consciente dos recursos naturais e a preservação da vida em todas as suas formas.",Ciências da Natureza e suas Tecnologias,,EM,,ciencias_natureza,cientificar1992_api,True
74,EM13CNT102,,"Realizar previsões, avaliar intervenções e/ou construir protótipos de sistemas térmicos que visem à sustentabilidade, considerando sua composição e os efeitos das variáveis termodinâmicas sobre seu funcionamento, considerando também o uso de tecnologias digitais que auxiliem no cálculo de estimativas e no apoio à construção dos protótipos.",Ciências da Natureza e suas Tecnologias,,EM,,ciencias_natureza,cientificar1992_api,True
75,EM13CNT103,,"Utilizar o conhecimento sobre as radiações e suas origens para avaliar as potencialidades e os riscos de sua aplicação em equipamentos de uso cotidiano, na saúde, no ambiente, na indústria, na agricultura e na geração de energia elétrica.",Ciências da Natureza e suas Tecnologias,,EM,,ciencias_natureza,cientificar1992_api,True
76,EM13CNT104,,"Avaliar os benefícios e os riscos à saúde e ao ambiente, considerando a composição, a toxicidade e a reatividade de diferentes materiais e produtos, como também o nível de exposição a eles, posicionando-se criticamente e propondo soluções individuais e/ou coletivas para seus usos e descartes responsáveis.",Ciências da Natureza e suas Tecnologias,,EM,,ciencias_natureza,cientificar1992_api,True
77,EM13CNT105,,"Analisar os ciclos biogeoquímicos e interpretar os efeitos de fenômenos naturais e da interferência humana sobre esses ciclos, para promover ações individuais e/ ou coletivas que minimizem consequências nocivas à vida.",Ciências da Natureza e suas Tecnologias,,EM,,ciencias_natureza,cientificar1992_api,True
78,EM13CNT106,,"Avaliar, com ou sem o uso de dispositivos e aplicativos digitais, tecnologias e possíveis soluções para as demandas que envolvem a geração, o transporte, a distribuição e o consumo de energia elétrica, considerando a disponibilidade de recursos, a eficiência energética, a relação custo/benefício, as características geográficas e ambientais, a produção de resíduos e os impactos socioambientais e culturais.",Ciências da Natureza e suas Tecnologias,,EM,,ciencias_natureza,cientificar1992_api,True
79,EM13CNT107,,"Realizar previsões qualitativas e quantitativas sobre o funcionamento de geradores, motores elétricos e seus componentes, bobinas, transformadores, pilhas, baterias e dispositivos eletrônicos, com base na análise dos processos de transformação e condução de energia envolvidos - com ou sem o uso de dispositivos e aplicativos digitais -, para propor ações que visem a sustentabilidade.",Ciências da Natureza e suas Tecnologias,,EM,,ciencias_natureza,cientificar1992_api,True
80,EM13CNT201,,"Analisar e discutir modelos, teorias e leis propostos em diferentes épocas e culturas para comparar distintas explicações sobre o surgimento e a evolução da Vida, da Terra e do Universo com as teorias científicas aceitas atualmente.",Ciências da Natureza e suas Tecnologias,,EM,,ciencias_natureza,cientificar1992_api,True
81,EM13CNT202,,"Analisar as diversas formas de manifestação da vida em seus diferentes níveis de organização, bem como as condições ambientais favoráveis e os fatores limitantes a elas, com ou sem o uso de dispositivos e aplicativos digitais (como softwares de simulação e de realidade virtual, entre outros).",Ciências da Natureza e suas Tecnologias,,EM,,ciencias_natureza,cientificar1992_api,True
82,EM13CNT203,,"Avaliar e prever efeitos de intervenções nos ecossistemas, e seus impactos nos seres vivos e no corpo humano, com base nos mecanismos de manutenção da vida, nos ciclos da matéria e nas transformações e transferências de energia, utilizando representações e simulações sobre tais fatores, com ou sem o uso de dispositivos e aplicativos digitais (como softwares de simulação e de realidade virtual, entre outros).",Ciências da Natureza e suas Tecnologias,,EM,,ciencias_natureza,cientificar1992_api,True
83,EM13CNT204,,"Elaborar explicações, previsões e cálculos a respeito dos movimentos de objetos na Terra, no Sistema Solar e no Universo com base na análise das interações gravitacionais, com ou sem o uso de dispositivos e aplicativos digitais (como softwares de simulação e de realidade virtual, entre outros).",Ciências da Natureza e suas Tecnologias,,EM,,ciencias_natureza,cientificar1992_api,True
84,EM13CNT205,,"Interpretar resultados e realizar previsões sobre atividades experimentais, fenômenos naturais e processos tecnológicos, com base nas noções de probabilidade e incerteza, reconhecendo os limites explicativos das ciências.",Ciências da Natureza e suas Tecnologias,,EM,,ciencias_natureza,cientificar1992_api,True
85,EM13CNT206,,"Discutir a importância da preservação e conservação da biodiversidade, considerando parâmetros qualitativos e quantitativos, e avaliar os efeitos da ação humana e das políticas ambientais para a garantia da sustentabilidade do planeta.",Ciências da Natureza e suas Tecnologias,,EM,,ciencias_natureza,cientificar1992_api,True
86,EM13CNT207,,"Identificar, analisar e discutir vulnerabilidades vinculadas às vivências e aos desafios contemporâneos aos quais as juventudes estão expostas, considerando os aspectos físico, psicoemocional e social, a fim de desenvolver e divulgar ações de prevenção e de promoção da saúde e do bem-estar.",Ciências da Natureza e suas Tecnologias,,EM,,ciencias_natureza,cientificar1992_api,True
87,EM13CNT208,,"Aplicar os princípios da evolução biológica para analisar a história humana, considerando sua origem, diversificação, dispersão pelo planeta e diferentes formas de interação com a natureza, valorizando e respeitando a diversidade étnica e cultural humana.",Ciências da Natureza e suas Tecnologias,,EM,,ciencias_natureza,cientificar1992_api,True
88,EM13CNT209,,"Analisar a evolução estelar associando-a aos modelos de origem e distribuição dos elementos químicos no Universo, compreendendo suas relações com as condições necessárias ao surgimento de sistemas solares e planetários, suas estruturas e composições e as possibilidades de existência de vida, utilizando representações e simulações, com ou sem o uso de dispositivos e aplicativos digitais (como softwares de simulação e de realidade virtual, entre outros).",Ciências da Natureza e suas Tecnologias,,EM,,ciencias_natureza,cientificar1992_api,True
89,EM13CNT301,,"Construir questões, elaborar hipóteses, previsões e estimativas, empregar instrumentos de medição e representar e interpretar modelos explicativos, dados e/ou resultados experimentais para construir, avaliar e justificar conclusões no enfrentamento de situações-problema sob uma perspectiva científica.",Ciências da Natureza e suas Tecnologias,,EM,,ciencias_natureza,cientificar1992_api,True
90,EM13CNT302,,"Comunicar, para públicos variados, em diversos contextos, resultados de análises, pesquisas e/ou experimentos, elaborando e/ou interpretando textos, gráficos, tabelas, símbolos, códigos, sistemas de classificação e equações, por meio de diferentes linguagens, mídias, tecnologias digitais de informação e comunicação (TDIC), de modo a participar e/ou promover debates em torno de temas científicos e/ou tecnológicos de relevância sociocultural e ambiental.",Ciências da Natureza e suas Tecnologias,,EM,,ciencias_natureza,cientificar1992_api,True
91,EM13CNT303,,"Interpretar textos de divulgação científica que tratem de temáticas das Ciências da Natureza, disponíveis em diferentes mídias, considerando a apresentação dos dados, tanto na forma de textos como em equações, gráficos e/ou tabelas, a consistência dos argumentos e a coerência das conclusões, visando construir estratégias de seleção de fontes confiáveis de informações.",Ciências da Natureza e suas Tecnologias,,EM,,ciencias_natureza,cientificar1992_api,True
92,EM13CNT304,,"Analisar e debater situações controversas sobre a aplicação de conhecimentos da área de Ciências da Natureza (tais como tecnologias do DNA, tratamentos com células-tronco, neurotecnologias, produção de tecnologias de defesa, estratégias de controle de pragas, entre outros), com base em argumentos consistentes, legais, éticos e responsáveis, distinguindo diferentes pontos de vista.",Ciências da Natureza e suas Tecnologias,,EM,,ciencias_natureza,cientificar1992_api,True
93,EM13CNT305,,"Investigar e discutir o uso indevido de conhecimentos das Ciências da Natureza na justificativa de processos de discriminação, segregação e privação de direitos individuais e coletivos, em diferentes contextos sociais e históricos, para promover a equidade e o respeito à diversidade.",Ciências da Natureza e suas Tecnologias,,EM,,ciencias_natureza,cientificar1992_api,True
94,EM13CNT306,,"Avaliar os riscos envolvidos em atividades cotidianas, aplicando conhecimentos das Ciências da Natureza, para justificar o uso de equipamentos e recursos, bem como comportamentos de segurança, visando à integridade física, individual e coletiva, e socioambiental, podendo fazer uso de dispositivos e aplicativos digitais que viabilizem a estruturação de simulações de tais riscos.",Ciências da Natureza e suas Tecnologias,,EM,,ciencias_natureza,cientificar1992_api,True
95,EM13CNT307,,"Analisar as propriedades dos materiais para avaliar a adequação de seu uso em diferentes aplicações (industriais, cotidianas, arquitetônicas ou tecnológicas) e/ ou propor soluções seguras e sustentáveis considerando seu contexto local e cotidiano.",Ciências da Natureza e suas Tecnologias,,EM,,ciencias_natureza,cientificar1992_api,True
96,EM13CNT308,,"Investigar e analisar o funcionamento de equipamentos elétricos e/ou eletrônicos e sistemas de automação para compreender as tecnologias contemporâneas e avaliar seus impactos sociais, culturais e ambientais.",Ciências da Natureza e suas Tecnologias,,EM,,ciencias_natureza,cientificar1992_api,True
97,EM13CNT309,,"Analisar questões socioambientais, políticas e econômicas relativas à dependência do mundo atual em relação aos recursos não renováveis e discutir a necessidade de introdução de alternativas e novas tecnologias energéticas e de materiais, comparando diferentes tipos de motores e processos de produção de novos materiais.",Ciências da Natureza e suas Tecnologias,,EM,,ciencias_natureza,cientificar1992_api,True
98,EM13CHS101,,"Identificar, analisar e comparar diferentes fontes e narrativas expressas em diversas linguagens, com vistas à compreensão de ideias filosóficas e de processos e eventos históricos, geográficos, políticos, econômicos, sociais, ambientais e culturais.",Ciências Humanas e Sociais Aplicadas,,EM,,ciencias_humanas,cientificar1992_api,True
99,EM13CHS102,,"Identificar, analisar e discutir as circunstâncias históricas, geográficas, políticas, econômicas, sociais, ambientais e culturais de matrizes conceituais (etnocentrismo, racismo, evolução, modernidade, cooperativismo/desenvolvimento etc.), avaliando criticamente seu significado histórico e comparando-as a narrativas que contemplem outros agentes e discursos.",Ciências Humanas e Sociais Aplicadas,,EM,,ciencias_humanas,cientificar1992_api,True
100,EM13CHS103,,"Elaborar hipóteses, selecionar evidências e compor argumentos relativos a processos políticos, econômicos, sociais, ambientais, culturais e epistemológicos, com base na sistematização de dados e informações de diversas naturezas (expressões artísticas, textos filosóficos e sociológicos, documentos históricos e geográficos, gráficos, mapas, tabelas, tradições orais, entre outros).",Ciências Humanas e Sociais Aplicadas,,EM,,ciencias_humanas,cientificar1992_api,True
101,EM13CHS104,,"Analisar objetos e vestígios da cultura material e imaterial de modo a identificar conhecimentos, valores, crenças e práticas que caracterizam a identidade e a diversidade cultural de diferentes sociedades inseridas no tempo e no espaço.",Ciências Humanas e Sociais Aplicadas,,EM,,ciencias_humanas,cientificar1992_api,True
102,EM13CHS105,,"Identificar, contextualizar e criticar tipologias evolutivas (populações nômades e sedentárias, entre outras) e oposições dicotômicas (cidade/campo, cultura/ natureza, civilizados/bárbaros, razão/emoção, material/virtual etc.), explicitando suas ambiguidades.",Ciências Humanas e Sociais Aplicadas,,EM,,ciencias_humanas,cientificar1992_api,True
103,EM13CHS106,,"Utilizar as linguagens cartográfica, gráfica e iconográfica, diferentes gêneros textuais e tecnologias digitais de informação e comunicação de forma crítica, significativa, reflexiva e ética nas diversas práticas sociais, incluindo as escolares, para se comunicar, acessar e difundir informações, produzir conhecimentos, resolver problemas e exercer protagonismo e autoria na vida pessoal e coletiva.",Ciências Humanas e Sociais Aplicadas,,EM,,ciencias_humanas,cientificar1992_api,True
104,EM13CHS201,,"Analisar e caracterizar as dinâmicas das populações, das mercadorias e do capital nos diversos continentes, com destaque para a mobilidade e a fixação de pessoas, grupos humanos e povos, em função de eventos naturais, políticos, econômicos, sociais, religiosos e culturais, de modo a compreender e posicionar-se criticamente em relação a esses processos e às possíveis relações entre eles.",Ciências Humanas e Sociais Aplicadas,,EM,,ciencias_humanas,cientificar1992_api,True
105,EM13CHS202,,"Analisar e avaliar os impactos das tecnologias na estruturação e nas dinâmicas de grupos, povos e sociedades contemporâneos (fluxos populacionais, financeiros, de mercadorias, de informações, de valores éticos e culturais etc.), bem como suas interferências nas decisões políticas, sociais, ambientais, econômicas e culturais.",Ciências Humanas e Sociais Aplicadas,,EM,,ciencias_humanas,cientificar1992_api,True
106,EM13CHS203,,"Comparar os significados de território, fronteiras e vazio (espacial, temporal e cultural) em diferentes sociedades, contextualizando e relativizando visões dualistas (civilização/barbárie, nomadismo/sedentarismo, esclarecimento/obscurantismo, cidade/campo, entre outras).",Ciências Humanas e Sociais Aplicadas,,EM,,ciencias_humanas,cientificar1992_api,True
107,EM13CHS204,,"Comparar e avaliar os processos de ocupação do espaço e a formação de territórios, territorialidades e fronteiras, identificando o papel de diferentes agentes (como grupos sociais e culturais, impérios, Estados Nacionais e organismos internacionais) e considerando os conflitos populacionais (internos e externos), a diversidade étnico-cultural e as características socioeconômicas, políticas e tecnológicas.",Ciências Humanas e Sociais Aplicadas,,EM,,ciencias_humanas,cientificar1992_api,True
108,EM13CHS205,,"Analisar a produção de diferentes territorialidades em suas dimensões culturais, econômicas, ambientais, políticas e sociais, no Brasil e no mundo contemporâneo, com destaque para as culturas juvenis.",Ciências Humanas e Sociais Aplicadas,,EM,,ciencias_humanas,cientificar1992_api,True
109,EM13CHS206,,"Analisar a ocupação humana e a produção do espaço em diferentes tempos, aplicando os princípios de localização, distribuição, ordem, extensão, conexão, arranjos, casualidade, entre outros que contribuem para o raciocínio geográfico.",Ciências Humanas e Sociais Aplicadas,,EM,,ciencias_humanas,cientificar1992_api,True
110,EM13CHS301,,"Problematizar hábitos e práticas individuais e coletivos de produção, reaproveitamento e descarte de resíduos em metrópoles, áreas urbanas e rurais, e comunidades com diferentes características socioeconômicas, e elaborar e/ou selecionar propostas de ação que promovam a sustentabilidade socioambiental, o combate à poluição sistêmica e o consumo responsável.",Ciências Humanas e Sociais Aplicadas,,EM,,ciencias_humanas,cientificar1992_api,True
111,EM13CHS302,,"Analisar e avaliar criticamente os impactos econômicos e socioambientais de cadeias produtivas ligadas à exploração de recursos naturais e às atividades agropecuárias em diferentes ambientes e escalas de análise, considerando o modo de vida das populações locais - entre elas as indígenas, quilombolas e demais comunidades tradicionais -, suas práticas agroextrativistas e o compromisso com a sustentabilidade.",Ciências Humanas e Sociais Aplicadas,,EM,,ciencias_humanas,cientificar1992_api,True
112,EM13CHS303,,"Debater e avaliar o papel da indústria cultural e das culturas de massa no estímulo ao consumismo, seus impactos econômicos e socioambientais, com vistas à percepção crítica das necessidades criadas pelo consumo e à adoção de hábitos sustentáveis.",Ciências Humanas e Sociais Aplicadas,,EM,,ciencias_humanas,cientificar1992_api,True
113,EM13CHS304,,"Analisar os impactos socioambientais decorrentes de práticas de instituições governamentais, de empresas e de indivíduos, discutindo as origens dessas práticas, selecionando, incorporando e promovendo aquelas que favoreçam a consciência e a ética socioambiental e o consumo responsável.",Ciências Humanas e Sociais Aplicadas,,EM,,ciencias_humanas,cientificar1992_api,True
114,EM13CHS305,,"Analisar e discutir o papel e as competências legais dos organismos nacionais e internacionais de regulação, controle e fiscalização ambiental e dos acordos internacionais para a promoção e a garantia de práticas ambientais sustentáveis.",Ciências Humanas e Sociais Aplicadas,,EM,,ciencias_humanas,cientificar1992_api,True
115,EM13CHS306,,"Contextualizar, comparar e avaliar os impactos de diferentes modelos socioeconômicos no uso dos recursos naturais e na promoção da sustentabilidade econômica e socioambiental do planeta (como a adoção dos sistemas da agrobiodiversidade e agroflorestal por diferentes comunidades, entre outros).",Ciências Humanas e Sociais Aplicadas,,EM,,ciencias_humanas,cientificar1992_api,True
116,EM13CHS401,,"Identificar e analisar as relações entre sujeitos, grupos, classes sociais e sociedades com culturas distintas diante das transformações técnicas, tecnológicas e informacionais e das novas formas de trabalho ao longo do tempo, em diferentes espaços (urbanos e rurais) e contextos.",Ciências Humanas e Sociais Aplicadas,,EM,,ciencias_humanas,cientificar1992_api,True
117,EM13CHS402,,"Analisar e comparar indicadores de emprego, trabalho e renda em diferentes espaços, escalas e tempos, associando-os a processos de estratificação e desigualdade socioeconômica.",Ciências Humanas e Sociais Aplicadas,,EM,,ciencias_humanas,cientificar1992_api,True
118,EM13CHS403,,"Caracterizar e analisar os impactos das transformações tecnológicas nas relações sociais e de trabalho próprias da contemporaneidade, promovendo ações voltadas à superação das desigualdades sociais, da opressão e da violação dos Direitos Humanos.",Ciências Humanas e Sociais Aplicadas,,EM,,ciencias_humanas,cientificar1992_api,True
119,EM13CHS404,,"Identificar e discutir os múltiplos aspectos do trabalho em diferentes circunstâncias e contextos históricos e/ou geográficos e seus efeitos sobre as gerações, em especial, os jovens, levando em consideração, na atualidade, as transformações técnicas, tecnológicas e informacionais.",Ciências Humanas e Sociais Aplicadas,,EM,,ciencias_humanas,cientificar1992_api,True
120,EM13CHS501,,"Analisar os fundamentos da ética em diferentes culturas, tempos e espaços, identificando processos que contribuem para a formação de sujeitos éticos que valorizem a liberdade, a cooperação, a autonomia, o empreendedorismo, a convivência democrática e a solidariedade.",Ciências Humanas e Sociais Aplicadas,,EM,,ciencias_humanas,cientificar1992_api,True
121,EM13CHS502,,"Analisar situações da vida cotidiana, estilos de vida, valores, condutas etc., desnaturalizando e problematizando formas de desigualdade, preconceito, intolerância e discriminação, e identificar ações que promovam os Direitos Humanos, a solidariedade e o respeito às diferenças e às liberdades individuais.",Ciências Humanas e Sociais Aplicadas,,EM,,ciencias_humanas,cientificar1992_api,True
122,EM13CHS503,,"Identificar diversas formas de violência (física, simbólica, psicológica etc.), suas principais vítimas, suas causas sociais, psicológicas e afetivas, seus significados e usos políticos, sociais e culturais, discutindo e avaliando mecanismos para combatê-las, com base em argumentos éticos.",Ciências Humanas e Sociais Aplicadas,,EM,,ciencias_humanas,cientificar1992_api,True
123,EM13CHS504,,"Analisar e avaliar os impasses ético-políticos decorrentes das transformações culturais, sociais, históricas, científicas e tecnológicas no mundo contemporâneo e seus desdobramentos nas atitudes e nos valores de indivíduos, grupos sociais, sociedades e culturas.",Ciências Humanas e Sociais Aplicadas,,EM,,ciencias_humanas,cientificar1992_api,True
124,EM13CHS601,,"Identificar e analisar as demandas e os protagonismos políticos, sociais e culturais dos povos indígenas e das populações afrodescendentes (incluindo as quilombolas) no Brasil contemporâneo considerando a história das Américas e o contexto de exclusão e inclusão precária desses grupos na ordem social e econômica atual, promovendo ações para a redução das desigualdades étnico-raciais no país.",Ciências Humanas e Sociais Aplicadas,,EM,,ciencias_humanas,cientificar1992_api,True
125,EM13CHS602,,"Identificar e caracterizar a presença do paternalismo, do autoritarismo e do populismo na política, na sociedade e nas culturas brasileira e latino-americana, em períodos ditatoriais e democráticos, relacionando-os com as formas de organização e de articulação das sociedades em defesa da autonomia, da liberdade, do diálogo e da promoção da democracia, da cidadania e dos direitos humanos na sociedade atual.",Ciências Humanas e Sociais Aplicadas,,EM,,ciencias_humanas,cientificar1992_api,True
126,EM13CHS603,,"Analisar a formação de diferentes países, povos e nações e de suas experiências políticas e de exercício da cidadania, aplicando conceitos políticos básicos (Estado, poder, formas, sistemas e regimes de governo, soberania etc.).",Ciências Humanas e Sociais Aplicadas,,EM,,ciencias_humanas,cientificar1992_api,True
127,EM13CHS604,,"Discutir o papel dos organismos internacionais no contexto mundial, com vistas à elaboração de uma visão crítica sobre seus limites e suas formas de atuação nos países, considerando os aspectos positivos e negativos dessa atuação para as populações locais.",Ciências Humanas e Sociais Aplicadas,,EM,,ciencias_humanas,cientificar1992_api,True
128,EM13CHS605,,"Analisar os princípios da declaração dos Direitos Humanos, recorrendo às noções de justiça, igualdade e fraternidade, identificar os progressos e entraves à concretização desses direitos nas diversas sociedades contemporâneas e promover ações concretas diante da desigualdade e das violações desses direitos em diferentes espaços de vivência, respeitando a identidade de cada grupo e de cada indivíduo.",Ciências Humanas e Sociais Aplicadas,,EM,,ciencias_humanas,cientificar1992_api,True
129,EM13LGG105,,"Analisar e experimentar diversos processos de remidiação de produções multissemióticas, multimídia e transmídia, desenvolvendo diferentes modos de participação e intervenção social.",Ciências Humanas e Sociais Aplicadas,,EM,,ciencias_humanas,cientificar1992_api,True
130,EM13LP01,,"Relacionar o texto, tanto na produção como na leitura/escuta, com suas condições de produção e seu contexto sócio-histórico de circulação (leitor/audiência previstos, objetivos, pontos de vista e perspectivas, papel social do autor, época, gênero do discurso etc.), de forma a ampliar as possibilidades de construção de sentidos e de análise crítica e produzir textos adequados a diferentes situações.",Língua Portuguesa,1.0,EM,,lingua_portuguesa_medio,cientificar1992_api,True
131,EM13LP02,,"Estabelecer relações entre as partes do texto, tanto na produção como na leitura/escuta, considerando a construção composicional e o estilo do gênero, usando/reconhecendo adequadamente elementos e recursos coesivos diversos que contribuam para a coerência, a continuidade do texto e sua progressão temática, e organizando informações, tendo em vista as condições de produção e as relações lógico-discursivas envolvidas (causa/efeito ou consequência; tese/argumentos; problema/solução; definição/exemplos etc.).",Língua Portuguesa,1.0,EM,,lingua_portuguesa_medio,cientificar1992_api,True
132,EM13LP03,,"Analisar relações de intertextualidade e interdiscursividade que permitam a explicitação de relações dialógicas, a identificação de posicionamentos ou de perspectivas, a compreensão de paráfrases, paródias e estilizações, entre outras possibilidades.",Língua Portuguesa,1.0,EM,,lingua_portuguesa_medio,cientificar1992_api,True
133,EM13LP04,,"Estabelecer relações de interdiscursividade e intertextualidade para explicitar, sustentar e conferir consistência a posicionamentos e para construir e corroborar explicações e relatos, fazendo uso de citações e paráfrases devidamente marcadas.",Língua Portuguesa,1.0,EM,,lingua_portuguesa_medio,cientificar1992_api,True
134,EM13LP05,,"Analisar, em textos argumentativos, os posicionamentos assumidos, os movimentos argumentativos (sustentação, refutação/contra-argumentação e negociação) e os argumentos utilizados para sustentá-los, para avaliar sua força e eficácia, e posicionar-se criticamente diante da questão discutida e/ou dos argumentos utilizados, recorrendo aos mecanismos linguísticos necessários.",Língua Portuguesa,1.0,EM,,lingua_portuguesa_medio,cientificar1992_api,True
135,EM13LP06,,"Analisar efeitos de sentido decorrentes de usos expressivos da linguagem, da escolha de determinadas palavras ou expressões e da ordenação, combinação e contraposição de palavras, dentre outros, para ampliar as possibilidades de construção de sentidos e de uso crítico da língua.",Língua Portuguesa,1.0,EM,,lingua_portuguesa_medio,cientificar1992_api,True
136,EM13LP07,,"Analisar, em textos de diferentes gêneros, marcas que expressam a posição do enunciador frente àquilo que é dito: uso de diferentes modalidades (epistêmica, deôntica e apreciativa) e de diferentes recursos gramaticais que operam como modalizadores (verbos modais, tempos e modos verbais, expressões modais, adjetivos, locuções ou orações adjetivas, advérbios, locuções ou orações adverbiais, entonação etc.), uso de estratégias de impessoalização (uso de terceira pessoa e de voz passiva etc.), com vistas ao incremento da compreensão e da criticidade e ao manejo adequado desses elementos nos textos produzidos, considerando os contextos de produção.",Língua Portuguesa,1.0,EM,,lingua_portuguesa_medio,cientificar1992_api,True
137,EM13LP08,,"Analisar elementos e aspectos da sintaxe do português, como a ordem dos constituintes da sentença (e os efeito que causam sua inversão), a estrutura dos sintagmas, as categorias sintáticas, os processos de coordenação e subordinação (e os efeitos de seus usos) e a sintaxe de concordância e de regência, de modo a potencializar os processos de compreensão e produção de textos e a possibilitar escolhas adequadas à situação comunicativa.",Língua Portuguesa,1.0,EM,,lingua_portuguesa_medio,cientificar1992_api,True
138,EM13LP09,,"Comparar o tratamento dado pela gramática tradicional e pelas gramáticas de uso contemporâneas em relação a diferentes tópicos gramaticais, de forma a perceber as diferenças de abordagem e o fenômeno da variação linguística e analisar motivações que levam ao predomínio do ensino da norma-padrão na escola.",Língua Portuguesa,1.0,EM,,lingua_portuguesa_medio,cientificar1992_api,True
139,EM13LP10,,"Analisar o fenômeno da variação linguística, em seus diferentes níveis (variações fonético-fonológica, lexical, sintática, semântica e estilístico-pragmática) e em suas diferentes dimensões (regional, histórica, social, situacional, ocupacional, etária etc.), de forma a ampliar a compreensão sobre a natureza viva e dinâmica da língua e sobre o fenômeno da constituição de variedades linguísticas de prestígio e estigmatizadas, e a fundamentar o respeito às variedades linguísticas e o combate a preconceitos linguísticos.",Língua Portuguesa,1.0,EM,,lingua_portuguesa_medio,cientificar1992_api,True
140,EM13LP11,,"Fazer curadoria de informação, tendo em vista diferentes propósitos e projetos discursivos.",Língua Portuguesa,1.0,EM,,lingua_portuguesa_medio,cientificar1992_api,True
141,EM13LP12,,"Selecionar informações, dados e argumentos em fontes confiáveis, impressas e digitais, e utilizá-los de forma referenciada, para que o texto a ser produzido tenha um nível de aprofundamento adequado (para além do senso comum) e contemple a sustentação das posições defendidas.",Língua Portuguesa,1.0,EM,,lingua_portuguesa_medio,cientificar1992_api,True
142,EM13LP13,,"Analisar, a partir de referências contextuais, estéticas e culturais, efeitos de sentido decorrentes de escolhas de elementos sonoros (volume, timbre, intensidade, pausas, ritmo, efeitos sonoros, sincronização etc.) e de suas relações com o verbal, levando-os em conta na produção de áudios, para ampliar as possibilidades de construção de sentidos e de apreciação.",Língua Portuguesa,1.0,EM,,lingua_portuguesa_medio,cientificar1992_api,True
143,EM13LP14,,"Analisar, a partir de referências contextuais, estéticas e culturais, efeitos de sentido decorrentes de escolhas e composição das imagens (enquadramento, ângulo/vetor, foco/profundidade de campo, iluminação, cor, linhas, formas etc.) e de sua sequenciação (disposição e transição, movimentos de câmera, remix, entre outros), das performances (movimentos do corpo, gestos, ocupação do espaço cênico), dos elementos sonoros (entonação, trilha sonora, sampleamento etc.) e das relações desses elementos com o verbal, levando em conta esses efeitos nas produções de imagens e vídeos, para ampliar as possibilidades de construção de sentidos e de apreciação.",Língua Portuguesa,1.0,EM,,lingua_portuguesa_medio,cientificar1992_api,True
144,EM13LP15,,"Planejar, produzir, revisar, editar, reescrever e avaliar textos escritos e multissemióticos, considerando sua adequação às condições de produção do texto, no que diz respeito ao lugar social a ser assumido e à imagem que se pretende passar a respeito de si mesmo, ao leitor pretendido, ao veículo e mídia em que o texto ou produção cultural vai circular, ao contexto imediato e sócio-histórico mais geral, ao gênero textual em questão e suas regularidades, à variedade linguística apropriada a esse contexto e ao uso do conhecimento dos aspectos notacionais (ortografia padrão, pontuação adequada, mecanismos de concordância nominal e verbal, regência verbal etc.), sempre que o contexto o exigir.",Língua Portuguesa,1.0,EM,,lingua_portuguesa_medio,cientificar1992_api,True
145,EM13LP16,,"Produzir e analisar textos orais, considerando sua adequação aos contextos de produção, à forma composicional e ao estilo do gênero em questão, à clareza, à progressão temática e à variedade linguística empregada, como também aos elementos relacionados à fala (modulação de voz, entonação, ritmo, altura e intensidade, respiração etc.) e à cinestesia (postura corporal, movimentos e gestualidade significativa, expressão facial, contato de olho com plateia etc.).",Língua Portuguesa,1.0,EM,,lingua_portuguesa_medio,cientificar1992_api,True
146,EM13LP17,,"Elaborar roteiros para a produção de vídeos variados (vlog, videoclipe, videominuto, documentário etc.), apresentações teatrais, narrativas multimídia e transmídia, podcasts, playlists comentadas etc., para ampliar as possibilidades de produção de sentidos e engajar-se em práticas autorais e coletivas.",Língua Portuguesa,1.0,EM,,lingua_portuguesa_medio,cientificar1992_api,True
147,EM13LP18,,"Utilizar softwares de edição de textos, fotos, vídeos e áudio, além de ferramentas e ambientes colaborativos para criar textos e produções multissemióticas com finalidades diversas, explorando os recursos e efeitos disponíveis e apropriando-se de práticas colaborativas de escrita, de construção coletiva do conhecimento e de desenvolvimento de projetos.",Língua Portuguesa,1.0,EM,,lingua_portuguesa_medio,cientificar1992_api,True
148,EM13LP19,,"Apresentar-se por meio de textos multimodais diversos (perfis variados, gifs biográficos, biodata, currículo web, videocurrículo etc.) e de ferramentas digitais (ferramenta de gif, wiki, site etc.), para falar de si mesmo de formas variadas, considerando diferentes situações e objetivos.",Língua Portuguesa,1.0,EM,,lingua_portuguesa_medio,cientificar1992_api,True
149,EM13LP20,,"Compartilhar gostos, interesses, práticas culturais, temas/ problemas/questões que despertam maior interesse ou preocupação, respeitando e valorizando diferenças, como forma de identificar afinidades e interesses comuns, como também de organizar e/ou participar de grupos, clubes, oficinas e afins.",Língua Portuguesa,1.0,EM,,lingua_portuguesa_medio,cientificar1992_api,True
150,EM13LP21,,"Produzir, de forma colaborativa, e socializar playlists comentadas de preferências culturais e de entretenimento, revistas culturais, fanzines, e-zines ou publicações afins que divulguem, comentem e avaliem músicas, games, séries, filmes, quadrinhos, livros, peças, exposições, espetáculos de dança etc., de forma a compartilhar gostos, identificar afinidades, fomentar comunidades etc.",Língua Portuguesa,1.0,EM,,lingua_portuguesa_medio,cientificar1992_api,True
151,EM13LP22,,"Construir e/ou atualizar, de forma colaborativa, registros dinâmicos (mapas, wiki etc.) de profissões e ocupações de seu interesse (áreas de atuação, dados sobre formação, fazeres, produções, depoimentos de profissionais etc.) que possibilitem vislumbrar trajetórias pessoais e profissionais.",Língua Portuguesa,1.0,EM,,lingua_portuguesa_medio,cientificar1992_api,True
152,EM13LP23,,"Analisar criticamente o histórico e o discurso político de candidatos, propagandas políticas, políticas públicas, programas e propostas de governo, de forma a participar do debate político e tomar decisões conscientes e fundamentadas.",Língua Portuguesa,1.0,EM,,lingua_portuguesa_medio,cientificar1992_api,True
153,EM13LP24,,"Analisar formas não institucionalizadas de participação social, sobretudo as vinculadas a manifestações artísticas, produções culturais, intervenções urbanas e formas de expressão típica das culturas juvenis que pretendam expor uma problemática ou promover uma reflexão/ação, posicionando-se em relação a essas produções e manifestações.",Língua Portuguesa,1.0,EM,,lingua_portuguesa_medio,cientificar1992_api,True
154,EM13LP25,,"Participar de reuniões na escola (conselho de escola e de classe, grêmio livre etc.), agremiações, coletivos ou movimentos, entre outros, em debates, assembleias, fóruns de discussão etc., exercitando a escuta atenta, respeitando seu turno e tempo de fala, posicionando-se de forma fundamentada, respeitosa e ética diante da apresentação de propostas e defesas de opiniões, usando estratégias linguísticas típicas de negociação e de apoio e/ou de consideração do discurso do outro (como solicitar esclarecimento, detalhamento, fazer referência direta ou retomar a fala do outro, parafraseando-a para endossá-la, enfatizá-la, complementá-la ou enfraquecê-la), considerando propostas alternativas e reformulando seu posicionamento, quando for caso, com vistas ao entendimento e ao bem comum.",Língua Portuguesa,1.0,EM,,lingua_portuguesa_medio,cientificar1992_api,True
155,EM13LP26,,"Relacionar textos e documentos legais e normativos de âmbito universal, nacional, local ou escolar que envolvam a definição de direitos e deveres - em especial, os voltados a adolescentes e jovens - aos seus contextos de produção, identificando ou inferindo possíveis motivações e finalidades, como forma de ampliar a compreensão desses direitos e deveres.",Língua Portuguesa,1.0,EM,,lingua_portuguesa_medio,cientificar1992_api,True
156,EM13LP27,,"Engajar-se na busca de solução para problemas que envolvam a coletividade, denunciando o desrespeito a direitos, organizando e/ou participando de discussões, campanhas e debates, produzindo textos reivindicatórios, normativos, entre outras possibilidades, como forma de fomentar os princípios democráticos e uma atuação pautada pela ética da responsabilidade, pelo consumo consciente e pela consciência socioambiental.",Língua Portuguesa,1.0,EM,,lingua_portuguesa_medio,cientificar1992_api,True
157,EM13LP28,,Organizar situações de estudo e utilizar procedimentos e estratégias de leitura adequados aos objetivos e à natureza do conhecimento em questão.,Língua Portuguesa,1.0,EM,,lingua_portuguesa_medio,cientificar1992_api,True
158,EM13LP29,,"Resumir e resenhar textos, por meio do uso de paráfrases, de marcas do discurso reportado e de citações, para uso em textos de divulgação de estudos e pesquisas.",Língua Portuguesa,1.0,EM,,lingua_portuguesa_medio,cientificar1992_api,True
159,EM13LP30,,"Realizar pesquisas de diferentes tipos (bibliográfica, de campo, experimento científico, levantamento de dados etc.), usando fontes abertas e confiáveis, registrando o processo e comunicando os resultados, tendo em vista os objetivos pretendidos e demais elementos do contexto de produção, como forma de compreender como o conhecimento científico é produzido e apropriar-se dos procedimentos e dos gêneros textuais envolvidos na realização de pesquisas.",Língua Portuguesa,1.0,EM,,lingua_portuguesa_medio,cientificar1992_api,True
160,EM13LP31,,"Compreender criticamente textos de divulgação científica orais, escritos e multissemióticos de diferentes áreas do conhecimento, identificando sua organização tópica e a hierarquização das informações, identificando e descartando fontes não confiáveis e problematizando enfoques tendenciosos ou superficiais.",Língua Portuguesa,1.0,EM,,lingua_portuguesa_medio,cientificar1992_api,True
161,EM13LP32,,"Selecionar informações e dados necessários para uma dada pesquisa (sem excedê-los) em diferentes fontes (orais, impressas, digitais etc.) e comparar autonomamente esses conteúdos, levando em conta seus contextos de produção, referências e índices de confiabilidade, e percebendo coincidências, complementaridades, contradições, erros ou imprecisões conceituais e de dados, de forma a compreender e posicionar-se criticamente sobre esses conteúdos e estabelecer recortes precisos.",Língua Portuguesa,1.0,EM,,lingua_portuguesa_medio,cientificar1992_api,True
162,EM13LP33,,"Selecionar, elaborar e utilizar instrumentos de coleta de dados e informações (questionários, enquetes, mapeamentos, opinários) e de tratamento e análise dos conteúdos obtidos, que atendam adequadamente a diferentes objetivos de pesquisa.",Língua Portuguesa,1.0,EM,,lingua_portuguesa_medio,cientificar1992_api,True
163,EM13LP34,,"Produzir textos para a divulgação do conhecimento e de resultados de levantamentos e pesquisas - texto monográfico, ensaio, artigo de divulgação científica, verbete de enciclopédia (colaborativa ou não), infográfico (estático ou animado), relato de experimento, relatório, relatório multimidiático de campo, reportagem científica, podcast ou vlog científico, apresentações orais, seminários, comunicações em mesas redondas, mapas dinâmicos etc. -, considerando o contexto de produção e utilizando os conhecimentos sobre os gêneros de divulgação científica, de forma a engajar-se em processos significativos de socialização e divulgação do conhecimento.",Língua Portuguesa,1.0,EM,,lingua_portuguesa_medio,cientificar1992_api,True
164,EM13LP35,,"Utilizar adequadamente ferramentas de apoio a apresentações orais, escolhendo e usando tipos e tamanhos de fontes que permitam boa visualização, topicalizando e/ou organizando o conteúdo em itens, inserindo de forma adequada imagens, gráficos, tabelas, formas e elementos gráficos, dimensionando a quantidade texto e imagem por slide e usando, de forma harmônica, recursos (efeitos de transição, slides mestres, layouts personalizados, gravação de áudios em slides etc.).",Língua Portuguesa,1.0,EM,,lingua_portuguesa_medio,cientificar1992_api,True
165,EM13LP36,,"Analisar os interesses que movem o campo jornalístico, os impactos das novas tecnologias digitais de informação e comunicação e da Web 2.0 no campo e as condições que fazem da informação uma mercadoria e da checagem de informação uma prática (e um serviço) essencial, adotando atitude analítica e crítica diante dos textos jornalísticos.",Língua Portuguesa,1.0,EM,,lingua_portuguesa_medio,cientificar1992_api,True
166,EM13LP37,,"Conhecer e analisar diferentes projetos editorias - institucionais, privados, públicos, financiados, independentes etc. -, de forma a ampliar o repertório de escolhas possíveis de fontes de informação e opinião, reconhecendo o papel da mídia plural para a consolidação da democracia.",Língua Portuguesa,1.0,EM,,lingua_portuguesa_medio,cientificar1992_api,True
167,EM13LP38,,"Analisar os diferentes graus de parcialidade/imparcialidade (no limite, a não neutralidade) em textos noticiosos, comparando relatos de diferentes fontes e analisando o recorte feito de fatos/dados e os efeitos de sentido provocados pelas escolhas realizadas pelo autor do texto, de forma a manter uma atitude crítica diante dos textos jornalísticos e tornar-se consciente das escolhas feitas como produtor.",Língua Portuguesa,1.0,EM,,lingua_portuguesa_medio,cientificar1992_api,True
168,EM13LP39,,"Usar procedimentos de checagem de fatos noticiados e fotos publicadas (verificar/avaliar veículo, fonte, data e local da publicação, autoria, URL, formatação; comparar diferentes fontes; consultar ferramentas e sites checadores etc.), de forma a combater a proliferação de notícias falsas (fake news).",Língua Portuguesa,1.0,EM,,lingua_portuguesa_medio,cientificar1992_api,True
169,EM13LP40,,"Analisar o fenômeno da pós-verdade - discutindo as condições e os mecanismos de disseminação de fake news e também exemplos, causas e consequências desse fenômeno e da prevalência de crenças e opiniões sobre fatos -, de forma a adotar atitude crítica em relação ao fenômeno e desenvolver uma postura flexível que permita rever crenças e opiniões quando fatos apurados as contradisserem.",Língua Portuguesa,1.0,EM,,lingua_portuguesa_medio,cientificar1992_api,True
170,EM13LP41,,"Analisar os processos humanos e automáticos de curadoria que operam nas redes sociais e outros domínios da internet, comparando os feeds de diferentes páginas de redes sociais e discutindo os efeitos desses modelos de curadoria, de forma a ampliar as possibilidades de trato com o diferente e minimizar o efeito bolha e a manipulação de terceiros.",Língua Portuguesa,1.0,EM,,lingua_portuguesa_medio,cientificar1992_api,True
171,EM13LP42,,"Acompanhar, analisar e discutir a cobertura da mídia diante de acontecimentos e questões de relevância social, local e global, comparando diferentes enfoques e perspectivas, por meio do uso de ferramentas de curadoria (como agregadores de conteúdo) e da consulta a serviços e fontes de checagem e curadoria de informação, de forma a aprofundar o entendimento sobre um determinado fato ou questão, identificar o enfoque preponderante da mídia e manter-se implicado, de forma crítica, com os fatos e as questões que afetam a coletividade.",Língua Portuguesa,1.0,EM,,lingua_portuguesa_medio,cientificar1992_api,True
172,EM13LP43,,"Atuar de forma fundamentada, ética e crítica na produção e no compartilhamento de comentários, textos noticiosos e de opinião, memes, gifs, remixes variados etc. em redes sociais ou outros ambientes digitais.",Língua Portuguesa,1.0,EM,,lingua_portuguesa_medio,cientificar1992_api,True
173,EM13LP44,,"Analisar formas contemporâneas de publicidade em contexto digital (advergame, anúncios em vídeos, social advertising, unboxing, narrativa mercadológica, entre outras), e peças de campanhas publicitárias e políticas (cartazes, folhetos, anúncios, propagandas em diferentes mídias, spots, jingles etc.), identificando valores e representações de situações, grupos e configurações sociais veiculadas, desconstruindo estereótipos, destacando estratégias de engajamento e viralização e explicando os mecanismos de persuasão utilizados e os efeitos de sentido provocados pelas escolhas feitas em termos de elementos e recursos linguístico-discursivos, imagéticos, sonoros, gestuais e espaciais, entre outros.",Língua Portuguesa,1.0,EM,,lingua_portuguesa_medio,cientificar1992_api,True
174,EM13LP45,,"Analisar, discutir, produzir e socializar, tendo em vista temas e acontecimentos de interesse local ou global, notícias, fotodenúncias, fotorreportagens, reportagens multimidiáticas, documentários, infográficos, podcasts noticiosos, artigos de opinião, críticas da mídia, vlogs de opinião, textos de apresentação e apreciação de produções culturais (resenhas, ensaios etc.) e outros gêneros próprios das formas de expressão das culturas juvenis (vlogs e podcasts culturais, gameplay etc.), em várias mídias, vivenciando de forma significativa o papel de repórter, analista, crítico, editorialista ou articulista, leitor, vlogueiro e booktuber, entre outros.",Língua Portuguesa,1.0,EM,,lingua_portuguesa_medio,cientificar1992_api,True
175,EM13LP46,,"Compartilhar sentidos construídos na leitura/escuta de textos literários, percebendo diferenças e eventuais tensões entre as formas pessoais e as coletivas de apreensão desses textos, para exercitar o diálogo cultural e aguçar a perspectiva crítica.",Língua Portuguesa,1.0,EM,,lingua_portuguesa_medio,cientificar1992_api,True
176,EM13LP47,,"Participar de eventos (saraus, competições orais, audições, mostras, festivais, feiras culturais e literárias, rodas e clubes de leitura, cooperativas culturais, jograis, repentes, slams etc.), inclusive para socializar obras da própria autoria (poemas, contos e suas variedades, roteiros e microrroteiros, videominutos, playlists comentadas de música etc.) e/ou interpretar obras de outros, inserindo-se nas diferentes práticas culturais de seu tempo.",Língua Portuguesa,1.0,EM,,lingua_portuguesa_medio,cientificar1992_api,True
177,EM13LP48,,"Identificar assimilações, rupturas e permanências no processo de constituição da literatura brasileira e ao longo de sua trajetória, por meio da leitura e análise de obras fundamentais do cânone ocidental, em especial da literatura portuguesa, para perceber a historicidade de matrizes e procedimentos estéticos.",Língua Portuguesa,1.0,EM,,lingua_portuguesa_medio,cientificar1992_api,True
178,EM13LP49,,"Perceber as peculiaridades estruturais e estilísticas de diferentes gêneros literários (a apreensão pessoal do cotidiano nas crônicas, a manifestação livre e subjetiva do eu lírico diante do mundo nos poemas, a múltipla perspectiva da vida humana e social dos romances, a dimensão política e social de textos da literatura marginal e da periferia etc.) para experimentar os diferentes ângulos de apreensão do indivíduo e do mundo pela literatura.",Língua Portuguesa,1.0,EM,,lingua_portuguesa_medio,cientificar1992_api,True
179,EM13LP50,,"Analisar relações intertextuais e interdiscursivas entre obras de diferentes autores e gêneros literários de um mesmo momento histórico e de momentos históricos diversos, explorando os modos como a literatura e as artes em geral se constituem, dialogam e se retroalimentam.",Língua Portuguesa,1.0,EM,,lingua_portuguesa_medio,cientificar1992_api,True
180,EM13LP51,,"Selecionar obras do repertório artístico-literário contemporâneo à disposição segundo suas predileções, de modo a constituir um acervo pessoal e dele se apropriar para se inserir e intervir com autonomia e criticidade no meio cultural.",Língua Portuguesa,1.0,EM,,lingua_portuguesa_medio,cientificar1992_api,True
181,EM13LP52,,"Analisar obras significativas das literaturas brasileiras e de outros países e povos, em especial a portuguesa, a indígena, a africana e a latino-americana, com base em ferramentas da crítica literária (estrutura da composição, estilo, aspectos discursivos) ou outros critérios relacionados a diferentes matrizes culturais, considerando o contexto de produção (visões de mundo, diálogos com outros textos, inserções em movimentos estéticos e culturais etc.) e o modo como dialogam com o presente.",Língua Portuguesa,1.0,EM,,lingua_portuguesa_medio,cientificar1992_api,True
182,EM13LP53,,"Produzir apresentações e comentários apreciativos e críticos sobre livros, filmes, discos, canções, espetáculos de teatro e dança, exposições etc. (resenhas, vlogs e podcasts literários e artísticos, playlists comentadas, fanzines, e-zines etc.).",Língua Portuguesa,1.0,EM,,lingua_portuguesa_medio,cientificar1992_api,True
183,EM13LP54,,"Criar obras autorais, em diferentes gêneros e mídias - mediante seleção e apropriação de recursos textuais e expressivos do repertório artístico -, e/ou produções derivadas (paródias, estilizações, fanfics, fanclipes etc.), como forma de dialogar crítica e/ou subjetivamente com o texto literário.",Língua Portuguesa,1.0,EM,,lingua_portuguesa_medio,cientificar1992_api,True
184,EM13CO01,,Explorar e construir a solução de problemas por meio da reutilização de partes de soluções existentes.,Computação Ensino Médio,,EM,,computacao_medio,cientificar1992_api,True
185,EM13CO02,,"Explorar e construir a solução de problemas por meio de refinamentos, utilizando diversos níveis de abstração desde a especificação até a implementação.",Computação Ensino Médio,,EM,,computacao_medio,cientificar1992_api,True
186,EM13CO03,,"Identificar o comportamento dos algoritmos no que diz respeito ao consumo de recursos como tempo de execução, espaço de memória e energia, entre outros",Computação Ensino Médio,,EM,,computacao_medio,cientificar1992_api,True
187,EM13CO04,,"Reconhecer o conceito de metaprogramação como uma forma de generalização na construção de programas, permitindo que algoritmos sejam entrada ou saída para outros algoritmos.",Computação Ensino Médio,,EM,,computacao_medio,cientificar1992_api,True
188,EM13CO05,,"Identificar os limites da Computação para diferenciar o que pode ou não ser automatizado, buscando uma compreensão mais ampla dos limites dos processos mentais envolvidos na resolução de problemas.",Computação Ensino Médio,,EM,,computacao_medio,cientificar1992_api,True
189,EM13CO06,,Avaliar software levando em consideração diferentes características e métricas associadas.,Computação Ensino Médio,,EM,,computacao_medio,cientificar1992_api,True
190,EM13CO07,,"Compreender as diferentes tecnologias, bem como equipamentos, protocolos e serviços envolvidos no funcionamento de redes de computadores, identificando suas possibilidades de escala e confiabilidade.",Computação Ensino Médio,,EM,,computacao_medio,cientificar1992_api,True
191,EM13CO08,,"Entender como mudanças na tecnologia afetam a segurança, incluindo novas maneiras de preservar sua privacidade e dados pessoais on-line, reportando suspeitas e buscando ajuda em situações de risco",Computação Ensino Médio,,EM,,computacao_medio,cientificar1992_api,True
192,EM13CO09,,"Identificar tecnologias digitais, sua presença e formas de uso, nas diferentes atividades no mundo do trabalho.",Computação Ensino Médio,,EM,,computacao_medio,cientificar1992_api,True
193,EM13CO10,,"Conhecer os fundamentos da Inteligência Artificial, comparando-a com a inteligência humana, analisando suas potencialidades, riscos e limites.",Computação Ensino Médio,,EM,,computacao_medio,cientificar1992_api,True
194,EM13CO11,,"Criar e explorar modelos computacionais simples para simular e fazer previsões, identificando sua importância no desenvolvimento científico.",Computação Ensino Médio,,EM,,computacao_medio,cientificar1992_api,True
195,EM13CO12,,"Produzir, analisar, gerir e compartilhar informações a partir de dados, utilizando princípios de ciência de dados.",Computação Ensino Médio,,EM,,computacao_medio,cientificar1992_api,True
196,EM13CO13,,Analisar e utilizar as diferentes formas de representação e consulta a dados em formato digital para pesquisas científicas.,Computação Ensino Médio,,EM,,computacao_medio,cientificar1992_api,True
197,EM13CO14,,"Avaliar a confiabilidade das informações encontradas em meio digital, investigando seus modos de construção e considerando a autoria, a estrutura e o propósito da mensagem.",Computação Ensino Médio,,EM,,computacao_medio,cientificar1992_api,True
198,EM13CO15,,"Analisar a interação entre usuários e artefatos computacionais, abordando aspectos da experiência do usuário e promovendo reflexão sobre a qualidade do uso dos artefatos nas esferas do trabalho, do lazer e do estudo.",Computação Ensino Médio,,EM,,computacao_medio,cientificar1992_api,True
199,EM13CO16,,"Desenvolver projetos com robótica, utilizando artefatos físicos ou simuladores.",Computação Ensino Médio,,EM,,computacao_medio,cientificar1992_api,True
200,EM13CO17,,"Construir redes virtuais de interação e colaboração, favorecendo o desenvolvimento de projetos de forma segura, legal e ética.",Computação Ensino Médio,,EM,,computacao_medio,cientificar1992_api,True
201,EM13CO18,,"Planejar e gerenciar projetos integrados às áreas de conhecimento de forma colaborativa, solucionando problemas, usando diversos artefatos computacionais.",Computação Ensino Médio,,EM,,computacao_medio,cientificar1992_api,True
202,EM13CO19,,"Expor, argumentar e negociar propostas, produtos e serviços, utilizando diferentes mídias e ferramentas digitais.",Computação Ensino Médio,,EM,,computacao_medio,cientificar1992_api,True
203,EM13CO20,,"Criar conteúdos, disponibilizando-os em ambientes virtuais para publicação e compartilhamento, avaliando a confiabilidade e as consequências da disseminação dessas informações.",Computação Ensino Médio,,EM,,computacao_medio,cientificar1992_api,True
204,EM13CO21,,"Comunicar ideias complexas de forma clara por meio de objetos digitais como mapas conceituais, infográficos, hipertextos e outros.",Computação Ensino Médio,,EM,,computacao_medio,cientificar1992_api,True
205,EM13CO22,,"Produzir e publicar conteúdo como textos, imagens, áudios, vídeos e suas associações, bem como ferramentas para sua integração, organização e apresentação, utilizando diferentes mídias digitais.",Computação Ensino Médio,,EM,,computacao_medio,cientificar1992_api,True
206,EM13CO23,,"Analisar criticamente as experiências em comunidades virtuais e as relações advindas da interação e comunicação com outras pessoas, bem como seus impactos na sociedade.",Computação Ensino Médio,,EM,,computacao_medio,cientificar1992_api,True
207,EM13CO24,,Identificar e reconhecer como as redes sociais e artefatos computacionais em geral interferem na saúde física e mental de seus usuários.,Computação Ensino Médio,,EM,,computacao_medio,cientificar1992_api,True
208,EM13CO25,,"Dialogar em ambientes virtuais com segurança e respeito às diferenças culturais e pessoais, reconhecendo e denunciando atitudes abusivas.",Computação Ensino Médio,,EM,,computacao_medio,cientificar1992_api,True
209,EM13CO26,,"Aplicar os conceitos e pressupostos do direito digital em sua conduta e experiências com o cotidiano da cultura digital, bem como na produção e uso de artefatos computacionais.",Computação Ensino Médio,,EM,,computacao_medio,cientificar1992_api,True
